0.0060008173	0.054623738	-0.22529778	-0.11122196	0.015309106	0.11553452	-0.06497703	-0.027808351	-0.014826123	-0.046984002	-0.108413845	0.06941431	-0.049282268	0.11262495	0.051627487	0.004070327
-0.027118158	0.06744981	-0.18675451	-0.20242755	-0.009120317	0.11433295	-0.037836727	-0.14023879	-0.04614053	-0.0061973645	-0.1102598	0.078363374	-0.015422358	0.022702295	-0.010446434	0.0029958957
-0.20768611	-0.1869726	-0.39217985	-0.23579392	0.2193577	-0.11887203	0.26168814	-0.22253238	-0.19178052	0.3126549	-0.38409865	0.34540743	0.2579589	-0.23646954	0.2778341	-0.2179663
-0.045300715	-0.0006910323	-0.18205959	-0.02690045	0.028386204	0.03249657	-0.047425274	0.005649201	-0.094738215	-0.015998315	-0.2171001	0.061208203	0.042475794	-0.009171084	0.057074267	-0.04137079
0.046991497	0.12687515	-0.09480744	-0.1019982	-0.04605831	0.17582907	-0.084345415	-0.06932036	0.04791367	-0.05649275	-0.053070504	-0.05256781	-0.13399228	0.17063616	-0.044038862	0.026039531
0.054538887	0.026974546	-0.12867258	-0.18686748	-0.0018555566	0.09716137	-0.09203176	-0.1488004	0.03438706	-0.021172293	-0.116636604	-0.02238093	-0.03601104	0.026919145	-0.03795054	-0.024607012
-0.19417475	-0.16949037	-0.29516143	-0.12098676	0.12637076	-0.056506835	0.18832861	-0.21241803	-0.10647068	0.1383911	-0.2526846	0.21440503	0.1331002	-0.18802418	0.19280086	-0.1654979
0.111565284	0.1332687	-0.10485829	-0.030637337	-0.053395715	0.03788071	-0.11786671	0.0017801411	0.051139068	-0.07168969	-0.03372628	-0.052098274	-0.050139923	0.07155518	-0.07121809	0.068436354
0.011616384	0.0797056	-0.08623575	-0.22034603	-0.036620766	0.09033692	-0.039988752	-0.22789225	0.046946373	-0.015443756	-0.08537553	0.008439713	-0.066066295	0.033713594	-0.03966235	-0.027668718
0.0777505	0.1269961	-0.030559147	-0.14847602	-0.0634457	0.12799302	-0.13325295	-0.1837673	0.03845907	-0.086207755	0.027529454	-0.040887672	-0.15096727	0.1148968	-0.060864035	0.10898674
0.00023719648	0.07070582	-0.1226296	0.029679677	-0.021417994	0.05562253	-0.082170054	0.021035716	-0.017788457	0.0041714506	-0.050913885	-0.046994798	-0.021271879	0.061664667	-0.012773305	0.042766694
-0.093611464	-0.054542616	-0.1806769	-0.023282439	0.08543201	-0.022416646	0.07812993	0.07394134	-0.13810718	0.03353173	-0.14446038	0.07835061	0.09395209	-0.10146162	0.11832233	-0.084682636
0.020794583	0.083843894	-0.15685849	-0.07628909	-0.046458356	0.094920315	-0.01816062	-0.069966	-0.013082655	-0.06008332	-0.0784805	0.08219281	-0.0362723	0.0725218	0.034682877	-0.051281046
0.8752213	0.9411615	0.68657464	-0.37604973	-0.8158329	0.74490374	-0.9588174	-0.56106997	0.7985196	-0.86376125	0.7854736	-0.94589007	-0.870602	0.9730866	-0.85653853	0.7661068
0.03807199	0.07229187	-0.05726992	-0.09524618	0.02644677	0.07143839	-0.044166174	-0.0755268	0.034225374	-0.051285725	-0.07236704	-0.033895537	-0.002728886	0.055438455	0.019016838	0.016678786
0.05855601	0.08334485	-0.12960197	-0.059496175	-0.032664742	0.13246293	-0.08716336	0.011428734	-0.001269628	-0.023141924	-0.06178014	0.03288786	-0.09808639	0.10199249	-0.012152563	0.032507166
-0.19198082	-0.15649477	-0.24656804	-0.205294	0.22365579	-0.08856745	0.26005715	-0.15536061	-0.16284715	0.17839253	-0.18181446	0.26908088	0.2569096	-0.23910704	0.2047166	-0.22529256
-0.15931481	-0.14366674	-0.21781516	0.026839636	0.15314822	-0.076338656	0.18062168	-0.012273638	-0.20498252	0.25104314	-0.14439662	0.22579144	0.2292878	-0.20513621	0.19943719	-0.1931892
-1.2570006	-1.2431911	-0.97432417	0.5604123	1.1044545	-1.0528506	1.2712443	0.915815	-1.2431331	1.2138656	-1.1443386	1.283105	1.2565594	-1.2505736	1.1655041	-1.0677199
-0.84912676	-0.8180472	-0.76003325	0.24075773	0.7841811	-0.64460814	0.85943216	0.40840253	-0.70722234	0.80141723	-0.7819787	0.8355978	0.81940335	-0.8739629	0.7128202	-0.7434332
-0.06763276	-0.053136	-0.19044471	-0.08414308	0.094686374	0.023071965	0.021426078	-0.014498382	-0.018084042	0.021823937	-0.119865425	0.044005457	0.004728991	0.018672781	0.08546688	-0.051654603
0.20648712	0.21697198	0.06434271	-0.08647354	-0.1686422	0.19303155	-0.19011265	-0.099394016	0.05228005	-0.15090194	0.027891763	-0.17826271	-0.15999354	0.16144767	-0.13569273	0.082797475
-0.19149217	-0.11025426	-0.24098675	-0.039809387	0.16019027	-0.09111802	0.10615623	0.08017829	-0.16250382	0.09845149	-0.2549017	0.23892127	0.16885155	-0.13928342	0.17226923	-0.121821634
-0.10527769	-0.12162834	-0.18219239	0.108051136	0.11971218	-0.09544642	0.12566607	0.1859525	-0.13518596	0.12835953	-0.14358242	0.15725443	0.08879824	-0.14698678	0.15152273	-0.11626015
-0.050344154	-0.07471653	-0.13203925	-0.009642179	0.13063668	-0.022268744	0.051688544	0.11900314	-0.114259005	0.12923476	-0.15562622	0.11780221	0.08304289	-0.09414682	0.0921535	-0.082497396
-0.22344087	-0.23717874	-0.19534387	0.05768252	0.23357266	-0.11517844	0.1588249	0.14050825	-0.19717792	0.23442997	-0.17476742	0.24493946	0.23720597	-0.21845357	0.16840312	-0.21270594
0.0048270156	-0.02791559	-0.10510832	-0.062369753	0.04193613	-0.024182105	0.03339172	0.030385273	-0.040178258	0.042783823	-0.13679622	0.037377633	0.07320012	-0.04689813	0.048495974	-0.0844761
-0.14739148	-0.1731816	-0.20941953	0.037389774	0.17931676	-0.065683424	0.13459371	0.049449783	-0.18486646	0.18347791	-0.21502496	0.2127849	0.11627176	-0.13121024	0.15163633	-0.12794729
0.084319845	0.041812867	-0.0022194702	-0.12761366	-0.02055207	0.134933	-0.048257913	-0.16871557	0.04872356	-0.08340063	0.009674637	-0.030575987	-0.08692861	0.09522147	-0.069707066	0.017619845
0.1498602	0.15463457	-0.0062640132	-0.1548671	-0.046086937	0.1547207	-0.110716544	-0.14801215	0.1168028	-0.1364739	0.007479396	-0.0745693	-0.062893204	0.113993905	-0.12514411	0.036042985
-0.043960117	-0.0039039217	0.013311358	0.17628683	0.039033428	-0.016697265	-0.010536317	0.081505105	-0.0066042375	-0.00905039	-0.058210675	0.01905845	0.011565418	0.016521905	0.025470303	0.008083294
0.24396186	0.25405023	0.11084599	-0.16618037	-0.18094891	0.2659833	-0.2593758	-0.2516034	0.22507247	-0.26798	0.18488935	-0.24694629	-0.22242297	0.2145258	-0.1786016	0.16974017
-0.26384607	-0.20899434	-0.20890352	0.06129838	0.23443966	-0.10937118	0.24486706	0.18284298	-0.27618486	0.2262179	-0.25753674	0.23059346	0.20337817	-0.16086197	0.20705187	-0.26498893
-0.26987037	-0.19795452	-0.28057712	0.019208232	0.2601378	-0.16810907	0.20069529	0.102886386	-0.25359517	0.20449229	-0.29797673	0.22564915	0.19153398	-0.2708842	0.19997106	-0.20228559
-0.26989287	-0.30851123	-0.25522995	0.24725868	0.32686847	-0.23685366	0.23237273	0.35526437	-0.3394715	0.25209773	-0.25098273	0.30940443	0.28047037	-0.2214964	0.25916877	-0.31262195
-0.10604443	-0.09718648	-0.12896222	-0.09242932	0.13022979	-0.04244387	0.10338403	-0.017570015	-0.10757623	0.0825951	-0.16149537	0.07019316	0.04404235	-0.11866963	0.104505554	-0.120832585
-0.1086693	-0.07202357	-0.17898117	0.05976734	0.10823432	-0.090605095	0.087208115	0.12593906	-0.12803388	0.1541156	-0.13460664	0.1744747	0.14740041	-0.11636127	0.1446639	-0.09184806
0.066694394	0.09328034	-0.08413779	-0.17566046	-0.056437396	0.124216594	-0.06509112	-0.21566288	0.056456774	-0.050017796	-0.02857371	-0.035914905	-0.021171035	-0.011152621	-0.0653683	-0.0016600699
-0.10706353	-0.10192073	-0.07636375	0.04050793	0.07160557	-0.09111178	0.06203308	0.053490732	-0.07528675	0.06958944	-0.13779871	0.16255754	0.057078	-0.12387882	0.05676008	-0.09020947
0.38574812	0.3805298	0.25158718	-0.24490093	-0.332208	0.3078129	-0.38949224	-0.22807726	0.3792233	-0.36201322	0.25079906	-0.37201288	-0.35652137	0.4190909	-0.33108193	0.3383392
0.039416723	0.104919516	-0.042718757	-0.09970901	-0.030649599	0.1481457	-0.05703823	-0.09736945	0.0527042	-0.110081285	-0.034693375	-0.045465417	-0.105385445	0.056019012	-0.03884247	0.07921372
-0.5682871	-0.52273023	-0.5407987	0.13703807	0.45434996	-0.4303422	0.5615004	0.18090203	-0.49667415	0.5467507	-0.55230653	0.566334	0.5589859	-0.5842943	0.5431001	-0.5156498
-0.081429206	-0.08324751	-0.1764916	-0.012782404	0.07715237	-0.021979751	0.09087952	-0.03203171	-0.14314961	0.10890773	-0.091402054	0.09181487	0.13055252	-0.0660867	0.0699204	-0.08719255
-0.09207484	-0.10730205	-0.12906645	0.009538324	0.10054212	-0.047650084	0.0663787	0.050021823	-0.14064091	0.09537764	-0.17792363	0.09855308	0.09760701	-0.027262986	0.050657094	-0.08617412
0.010504134	0.033856533	-0.042149983	-0.0008203189	-0.004775038	-0.030185323	-0.09107898	0.039088424	0.027727181	-0.027699336	-0.015826132	0.014184388	-0.019597283	0.099165216	-0.06877363	0.046138413
0.26512873	0.29373807	0.053627264	-0.09217169	-0.1864998	0.20815516	-0.236475	-0.12271938	0.18396203	-0.2668087	0.17073569	-0.26132378	-0.26169756	0.3226091	-0.21525109	0.18386985
-0.07388386	-0.09968985	-0.1265363	-0.14095567	0.026721243	0.006193465	0.12321532	-0.10467945	-0.027804907	0.05774894	-0.042765316	0.07772758	0.04041619	-0.0725447	0.029010043	-0.049795996
-1.090307	-1.0519135	-0.9479643	0.49388048	0.9500549	-0.8439261	1.0685254	0.7100765	-1.030151	1.0660028	-1.0078386	1.127058	1.0674393	-1.0303743	0.9902776	-0.956898
0.21630374	0.26200983	0.15248765	-0.21356462	-0.24471526	0.17100494	-0.19934325	-0.2178584	0.17502323	-0.18406492	0.20294248	-0.18807247	-0.22182395	0.21840356	-0.14250927	0.16937268
-0.16754761	-0.19832441	-0.19689265	-0.04003664	0.16241232	-0.10195003	0.14545357	-0.018019134	-0.1259853	0.164436	-0.15821935	0.20036814	0.22831236	-0.16938215	0.22558618	-0.20560884
0.6782828	0.59921837	0.42810643	-0.31129184	-0.557195	0.51735264	-0.58727753	-0.39630345	0.51637405	-0.56123304	0.5324037	-0.65018433	-0.5830281	0.6563228	-0.5046694	0.54197687
-0.114178166	-0.18437597	-0.20355426	-0.0109588215	0.1683551	-0.09887418	0.106381446	0.046820525	-0.10884426	0.17583734	-0.16659282	0.20427608	0.109771565	-0.1699949	0.16703469	-0.13839188
-0.06912439	-0.06359649	-0.086007655	0.030562598	0.03850849	-0.043786235	0.09760076	0.1561051	-0.15545043	0.11912303	-0.08439044	0.053879682	0.1080164	-0.08721456	0.06954176	-0.12886308
0.15481134	0.14457166	0.12091556	-0.16985884	-0.1927988	0.22207192	-0.21372148	-0.20525545	0.16089463	-0.17670205	0.081484124	-0.10985045	-0.12546852	0.20576622	-0.19509192	0.17832504
-0.9177522	-0.8676496	-0.73317444	0.42581156	0.84019	-0.69122696	0.8689874	0.6902269	-0.8256112	0.90278924	-0.7772887	0.8634288	0.8511209	-0.8564418	0.79491204	-0.76994944
-0.013528702	0.007484107	-0.067641236	0.04756066	0.017472418	0.025680076	0.04338582	0.11233261	-0.070872515	0.009518686	-0.12144524	0.011021566	-0.009348688	0.010079662	0.07858681	-0.024758061
0.0824459	0.02714551	0.020326085	-0.028913405	-0.0019380247	0.07956771	-0.022062758	-0.02106034	0.028579185	-0.099989206	0.02231533	-0.028880123	-0.08424861	0.043052837	0.0051817778	0.0057434533
-0.063573904	-0.10893224	-0.13543943	-0.12928012	0.048441954	-0.00016811036	0.1552939	-0.086417004	-0.088741235	0.07542241	-0.08375709	0.111131236	0.13689832	-0.15840226	0.06706812	-0.080104865
-0.2922393	-0.32913658	-0.32449904	0.18013865	0.290869	-0.25675485	0.26924184	0.28817797	-0.2949413	0.31706515	-0.32380554	0.3168611	0.3466398	-0.28181085	0.3285461	-0.27915424
0.12102929	0.12275845	0.004147877	-0.06312942	-0.076546654	0.10228881	-0.032576222	-0.0060335165	0.026628377	-0.03681228	0.06682848	-0.1031856	-0.074598834	0.11481079	-0.09948249	0.09196619
0.09549672	0.02763963	-0.0031738982	-0.16263385	-0.08267255	0.11274386	-0.038129155	-0.16066974	0.0597063	-0.090663075	-0.008614847	-0.03556153	-0.09676447	0.040397353	-0.027798446	0.050228026
0.096016936	0.098705344	-0.040086236	-0.004819606	-0.09271854	0.059540696	-0.093335494	0.024326568	0.017831452	-0.061939485	0.04002911	-0.094416775	-0.11132037	0.077510744	-0.10671585	0.10000882
0.2303554	0.22206892	0.29504585	0.073623404	-0.19624089	0.17874506	-0.2051791	0.014485671	0.2507959	-0.17522915	0.24443561	-0.29535198	-0.1730507	0.21417578	-0.17798956	0.25866073
0.32926863	0.367106	0.18491526	-0.34536865	-0.27741835	0.37262493	-0.38911933	-0.33263093	0.35922614	-0.34608442	0.19517535	-0.3012587	-0.36756212	0.32018355	-0.30222774	0.28466547
0.2342732	0.19485724	0.040320266	-0.051727165	-0.14486507	0.1830191	-0.21627586	-0.030870155	0.14830297	-0.185337	0.15019491	-0.23475364	-0.2187167	0.25537091	-0.20842564	0.121660195
-0.1704725	-0.13390058	-0.19745076	0.010860966	0.17809518	-0.10164074	0.13027798	0.047757074	-0.20891985	0.16609734	-0.26337796	0.24572718	0.22209519	-0.13365702	0.18440709	-0.14472103
0.41328743	0.36292368	0.26444304	-0.16881411	-0.3662568	0.33469972	-0.40382597	-0.2283664	0.30026639	-0.35713482	0.29060134	-0.3920026	-0.43308672	0.45283273	-0.3691048	0.34229365
0.51379526	0.5403037	0.37778285	-0.29544872	-0.40292296	0.4880799	-0.5008539	-0.37495422	0.47878847	-0.47881207	0.3463236	-0.44264865	-0.4784704	0.54621565	-0.40338692	0.40723026
0.26700804	0.23910078	0.15598196	-0.11852882	-0.26933622	0.2446563	-0.2898468	-0.12200267	0.23036888	-0.30310577	0.1771663	-0.24844964	-0.25651202	0.30701953	-0.27781653	0.29541117
-0.518402	-0.4653707	-0.49821422	0.3357638	0.5139802	-0.4377233	0.45716122	0.4132043	-0.53032196	0.46411353	-0.5249926	0.5530888	0.46612623	-0.5196195	0.5124145	-0.47590148
-0.2087601	-0.23699254	-0.23760244	0.042781405	0.17948423	-0.1786577	0.28188813	0.12670338	-0.20930865	0.2369794	-0.19680358	0.2615141	0.26154906	-0.23416561	0.26135033	-0.20620354
0.0061495365	0.017203944	0.007505018	-0.009268075	-0.07504858	0.05077887	-0.036572386	-0.030049922	-0.021440258	-0.08644326	-0.009138281	-0.056486785	-0.011817688	0.10286569	-0.004416481	0.00119554
-1.0107161	-0.9252615	-0.80297536	0.4223732	0.859934	-0.78433263	0.9172837	0.629319	-0.9427038	0.9674658	-0.83575875	1.0000407	0.90598124	-0.95234555	0.8969271	-0.8291292
0.12083114	0.15780501	0.027494231	-0.091072515	-0.13649657	0.09501742	-0.14743036	-0.09936197	0.16929418	-0.14692713	0.07850539	-0.14470933	-0.10241899	0.12459847	-0.13909571	0.0808862
0.06578927	0.08142278	-0.04233731	-0.15554178	-0.02920115	0.11603982	-0.047434248	-0.08186053	0.053730294	-0.07036294	0.013861352	-0.051340587	-0.03451564	0.08375293	-0.06906358	0.06978908
-0.9236889	-0.92727983	-0.7860199	0.43839908	0.8542993	-0.8101743	0.907814	0.6482258	-0.8756457	0.86376166	-0.78418213	0.9514658	0.9555982	-0.95547324	0.80166185	-0.87709653
0.03941058	0.060720664	-0.07365367	0.032001756	-0.065044194	0.07094782	-0.02519471	0.101876885	0.0007030668	-0.014676915	-0.06960016	-0.041028026	-0.084832974	0.08400947	-0.028374856	0.059616316
0.22530738	0.17581801	0.027545149	-0.12658358	-0.14085472	0.20283286	-0.21302132	-0.12794855	0.14736083	-0.19590738	0.14320941	-0.21811269	-0.17919835	0.23618244	-0.15971637	0.1649682
0.4163908	0.46653447	0.24521409	-0.17213649	-0.4006248	0.43676698	-0.4001656	-0.3134228	0.3369969	-0.45111412	0.33572748	-0.38312793	-0.4336504	0.45658648	-0.42042428	0.39965135
-0.5898123	-0.54306847	-0.46465352	0.22458361	0.46296963	-0.4717396	0.56324005	0.33687285	-0.525174	0.5748504	-0.50262547	0.5748709	0.50213325	-0.5531311	0.5581114	-0.49475026
0.1438774	0.14086148	0.052356526	-0.06449122	-0.17039357	0.17717564	-0.16473462	-0.07785798	0.07526411	-0.15740198	0.085687384	-0.12947841	-0.12856919	0.12719113	-0.17401229	0.14988887
-0.17189918	-0.22923216	-0.13790293	0.06582878	0.17008565	-0.11441214	0.21180283	0.098654315	-0.15499312	0.25413644	-0.21874197	0.24377292	0.17985809	-0.20124085	0.19898862	-0.17063977
0.23917258	0.31891516	0.11568293	-0.1043342	-0.2131558	0.20681787	-0.2461175	-0.06745266	0.19425744	-0.28945237	0.22823203	-0.24270816	-0.24588826	0.3059337	-0.24459964	0.18775213
-0.010337995	-0.043382265	-0.10921789	0.03169777	0.03500112	-0.030633526	-0.03701455	0.06891273	-0.07195507	0.012064641	-0.03749524	0.048215076	-0.03287512	0.019523606	-0.0071737585	-0.015008699
0.020165183	0.04500359	-0.058830023	0.03307259	0.033715427	0.055355296	-0.01614796	0.04965786	-0.045101818	-0.0398684	-0.032558206	0.035945237	-0.0002600098	0.056236807	0.02129191	0.03057366
0.5905494	0.61450887	0.39403668	-0.3544342	-0.5171196	0.5158611	-0.5864859	-0.44913098	0.5253987	-0.5115951	0.41816404	-0.5684993	-0.59937483	0.5996054	-0.49541903	0.5400699
0.29204997	0.28468695	0.155314	-0.25991598	-0.22252217	0.25585756	-0.3254524	-0.28659937	0.23116776	-0.2849821	0.20330445	-0.2880423	-0.29804048	0.2842541	-0.23906581	0.22767156
-1.0160269	-0.98116	-0.88314617	0.5509913	0.8796337	-0.8734582	0.9816147	0.8178419	-0.9406525	0.92289215	-0.92287356	0.9856083	0.95050174	-0.98541886	0.9163868	-0.89437735
-0.5223137	-0.5233398	-0.54591244	0.113167785	0.46262616	-0.38139257	0.56595784	0.17769472	-0.44241756	0.4853779	-0.49971327	0.5638311	0.49667507	-0.5935811	0.52070546	-0.46857953
-0.093716875	-0.1130624	-0.174003	-0.04839445	0.13015431	-0.07328336	0.09360244	-0.024629543	-0.14260598	0.14997903	-0.19512078	0.1791109	0.12380859	-0.11052759	0.15667132	-0.09063664
0.15498109	0.11379658	0.24950781	0.06557353	-0.12246398	0.07968282	-0.16522785	-0.043077826	0.100796096	-0.14517266	0.16394617	-0.16529933	-0.1348326	0.15524031	-0.13686028	0.078946486
-0.19984524	-0.13497569	-0.09195003	0.110220924	0.13825274	-0.09694103	0.15467453	0.12512143	-0.17598926	0.10753937	-0.12233502	0.18734947	0.18026483	-0.19767018	0.13037345	-0.09340302
-0.09582714	-0.054352235	-0.19676	-0.049950253	0.13035005	0.027322322	0.12354076	-0.0010516908	-0.10400835	0.07407367	-0.08417398	0.14169255	0.12090028	-0.05336394	0.1133661	-0.06850341
0.30173367	0.29897833	0.34331015	-0.15515733	-0.2692902	0.21871307	-0.3539099	-0.2284546	0.34915274	-0.30915877	0.3670809	-0.3247545	-0.2951326	0.3338963	-0.29234287	0.3445992
0.12280679	0.14589842	0.03965121	0.07230729	-0.037458703	0.10478064	-0.17215447	0.0726774	0.048167787	-0.096665375	0.048443563	-0.064573206	-0.16535793	0.14152524	-0.13617013	0.095249996
-0.51714146	-0.48359737	-0.48341677	0.21941353	0.5332325	-0.3772098	0.5589229	0.43480742	-0.48805705	0.51094466	-0.48248255	0.57385224	0.55485195	-0.48126692	0.47867936	-0.44307223
0.09118259	0.12152423	0.020354943	-0.0328315	-0.091773316	0.12493279	-0.121073656	-0.0126834065	0.049727414	-0.11505	0.057793684	-0.08755771	-0.0991947	0.12748706	-0.120596796	0.06944242
-0.19659711	-0.0901059	-0.19998886	0.13452254	0.16407172	-0.1202429	0.16512582	0.10711316	-0.23845555	0.18574134	-0.19889106	0.15748934	0.15908383	-0.1025657	0.20128359	-0.18231969
-0.2513176	-0.19619139	-0.15306532	0.12531306	0.21579479	-0.16403458	0.18776727	0.19255415	-0.2168616	0.22427078	-0.20274699	0.22853038	0.18996873	-0.22042404	0.25798717	-0.19331689
0.014405676	0.063990474	0.0043343995	0.051328182	-0.07453111	0.060197834	-0.07402373	0.0049073296	0.07627471	-0.057324294	0.046367355	0.008496084	-0.04310313	0.11259825	0.0023348192	0.047337905
-0.12419788	-0.14355792	-0.0837608	0.025208928	0.12457995	-0.056961123	0.100266	0.026889037	-0.0949383	0.085312776	-0.08143471	0.12881105	0.13628773	-0.14125541	0.083027825	-0.16392866
-0.20539498	-0.18931215	-0.22724861	0.16232824	0.20215127	-0.1525178	0.15681045	0.22357443	-0.24712984	0.23113272	-0.2088536	0.18326594	0.17011155	-0.1695448	0.18292484	-0.16216753
0.13243322	0.07600698	-0.0011922452	0.08445289	-0.13292904	0.02816439	-0.09717296	0.0283454	-0.003456423	-0.13846892	0.066525914	-0.10760966	-0.11476718	0.15124495	-0.06230648	0.1019645
0.016709685	0.032326043	-0.06810707	-0.01913099	-0.043378126	0.11189161	-0.07339598	0.022925904	-0.031514026	-0.029282607	-0.029714828	-0.004219499	-0.03844089	0.042650584	-0.0035279272	0.020392375
0.45250586	0.48076558	0.36968663	-0.3128242	-0.48688304	0.41165736	-0.47517374	-0.35063833	0.39824843	-0.47724774	0.3898949	-0.4743836	-0.5372951	0.54246885	-0.41824034	0.3966467
0.19312625	0.18383045	0.011270103	-0.23945597	-0.09916661	0.15595216	-0.14476489	-0.28619114	0.08800194	-0.13476624	0.09898098	-0.09048274	-0.12929866	0.15733548	-0.095917195	0.15404417
0.19626352	0.24490924	0.14708993	-0.24575587	-0.1754563	0.21364604	-0.17221512	-0.29190573	0.20707527	-0.20457846	0.18162978	-0.22102395	-0.251987	0.18546368	-0.17863414	0.1828409
0.03242559	-0.016417153	-0.12693448	-0.1601689	0.014731905	0.10511967	-0.03628963	-0.087445095	0.05293225	-0.0035494084	-0.01912939	0.020673808	-0.009676016	0.015471086	-0.026251204	-0.03971336
0.089845575	0.1269275	-0.01699035	-0.04145608	-0.035300255	0.022597753	-0.04341338	0.017160377	0.084468454	-0.08948291	0.061012406	-0.049984563	-0.03638475	0.096226186	-0.071304396	0.081007905
-0.032983378	-0.062754825	-0.06138412	0.039718878	0.10320219	-0.045012243	0.110150196	0.06899254	-0.033590786	0.074187554	-0.124578156	0.053266615	0.033409458	-0.05967853	0.038063806	-0.016346453
-0.22363774	-0.25685155	-0.2158569	0.045942217	0.20595096	-0.1884065	0.25492597	0.06104558	-0.24800198	0.22125472	-0.25014052	0.2982727	0.25026384	-0.26508275	0.25617728	-0.20871131
0.97717565	0.93788207	0.79879045	-0.6508161	-0.9144526	0.8337515	-0.92564315	-0.8606908	0.91576576	-0.9418861	0.8176493	-0.9769311	-0.88420516	0.9845336	-0.8843406	0.92059416
0.24724157	0.19260679	0.12252665	-0.2178097	-0.24801387	0.18553133	-0.19230051	-0.15522577	0.22240019	-0.18036138	0.14020714	-0.1871502	-0.2010911	0.2356336	-0.21182807	0.23399858
-0.032056384	0.044621408	-0.11373758	-0.11431978	0.005403035	0.07346003	-0.025111219	-0.099235356	0.03934866	-0.01615263	-0.104137	0.014366702	0.013728574	0.047571614	0.030513229	0.030149056
0.98497474	0.9045397	0.69281834	-0.584693	-0.8436897	0.7518043	-0.8658744	-0.74922574	0.8542795	-0.87293625	0.7745833	-0.9054079	-0.85181814	0.895215	-0.76931405	0.8069474
0.15094298	0.17347097	0.094448514	-0.11814948	-0.16213943	0.1784791	-0.1496108	-0.16589823	0.17785059	-0.18840608	0.18727323	-0.20730284	-0.1853243	0.21442203	-0.16513553	0.17909865
0.029153772	0.05160581	0.008228998	-0.012331216	-0.06005434	0.0028793695	-0.044443868	-0.029306717	0.013450391	-0.101045296	0.0070933714	-0.04814045	-0.019754833	0.10160107	-0.071393244	0.057745352
0.03067158	0.0039544245	-0.04102281	-0.09137492	-0.009572235	0.029231	-0.058807515	-0.06498332	0.043230247	-0.052234072	-0.06137915	-0.064102024	-0.0035958206	0.086822174	0.016747965	-0.017767586
0.770454	0.78653055	0.60077184	-0.37864187	-0.6559413	0.702162	-0.8178427	-0.60469157	0.7247698	-0.77586913	0.6754737	-0.75853354	-0.7223518	0.7481076	-0.70522875	0.7255093
-0.19185965	-0.17028342	-0.063373804	0.068426505	0.10606775	-0.11542069	0.19125807	0.14975993	-0.11872946	0.13415135	-0.11709847	0.15139656	0.19735816	-0.19891517	0.15445954	-0.14138286
0.62972015	0.63244253	0.5980676	-0.42011636	-0.6222281	0.5330784	-0.69364744	-0.50120515	0.5849046	-0.6548465	0.61859995	-0.68495744	-0.60542697	0.64463073	-0.5524249	0.6459483
0.08810142	0.036274955	-0.06620453	0.004972633	-0.060192164	0.11396432	-0.12247053	-0.0692745	0.0149957705	-0.015673112	-0.040091038	-0.07341749	-0.06268285	0.049429066	-0.01757824	0.07601729
-0.12737542	-0.124096826	-0.14406185	-0.047525804	0.079991795	-0.033986997	0.13731116	0.005758368	-0.07135149	0.15103976	-0.118237294	0.14286119	0.10741011	-0.10716769	0.0670191	-0.15708144
-1.0558459	-0.99197304	-0.80150783	0.5849061	0.9340053	-0.8995434	0.9529559	0.8188657	-0.95791036	0.95120054	-0.92709696	0.9836741	1.0211468	-1.0336757	0.9681807	-0.8959693
0.9188043	0.8697712	0.6517222	-0.66008097	-0.8315845	0.8531487	-0.8494999	-0.77745235	0.85437334	-0.8752669	0.7317582	-0.8283365	-0.8423209	0.8338726	-0.7651939	0.7894834
0.16184005	0.13823645	0.05701204	-0.023129988	-0.19393979	0.123666696	-0.14795302	-0.062731124	0.08532659	-0.14718479	0.11972471	-0.18109855	-0.21529995	0.20430988	-0.14413111	0.1446322
0.36474904	0.39010766	0.16206107	-0.31145835	-0.3397377	0.3569471	-0.3506423	-0.35971436	0.32069144	-0.36440995	0.22563188	-0.28840685	-0.40012765	0.4058044	-0.32734424	0.29428595
-0.7440971	-0.702574	-0.57021755	0.3175047	0.6045183	-0.5978436	0.67579925	0.46158257	-0.69836175	0.67065454	-0.65740347	0.6892132	0.730464	-0.69894975	0.6234043	-0.6575886
0.45483974	0.4179442	0.44175333	-0.2368048	-0.41118118	0.43129548	-0.48554173	-0.26434916	0.46422184	-0.47098467	0.49528325	-0.5047709	-0.42774984	0.45571533	-0.47466967	0.39445552
0.31995285	0.38806546	0.27749225	-0.057228405	-0.32405707	0.28579414	-0.36601567	-0.1516425	0.3174676	-0.3224223	0.2940026	-0.34486243	-0.39172155	0.39445472	-0.3093048	0.37484783
-0.06290021	-0.09983967	-0.068547346	0.026001409	0.09852713	-0.018131495	0.042828117	0.050615802	-0.09348146	0.060258444	-0.071017966	0.059888493	0.09440047	-0.12226955	0.051198583	-0.11218258
-0.2738509	-0.2078058	-0.28982127	0.16843289	0.20326905	-0.27665463	0.20524406	0.23257224	-0.2696351	0.26633587	-0.2544039	0.2910543	0.30244902	-0.24365562	0.23845857	-0.2263499
-0.27108312	-0.18595625	-0.16433458	0.049392547	0.20142685	-0.13717906	0.19984744	0.12171652	-0.24627589	0.1957892	-0.23963705	0.23888735	0.1962967	-0.1925282	0.22514059	-0.25333244
0.07945376	0.10159586	-0.004985718	-0.035137855	-0.021291254	0.049951002	-0.028227162	-0.06322912	0.044395234	-0.041662756	0.021746863	-0.027706917	-0.06759334	0.062459238	-0.095809266	0.058497522
0.0032598558	0.03185823	-0.0380742	-0.041462827	-0.013336279	-0.0024599626	-0.028348608	-0.02697261	0.05976844	0.0072195306	-0.051246118	-0.04257735	-0.05314794	0.08600884	-0.010686503	0.031271387
-0.4501523	-0.48587874	-0.42304087	0.1267832	0.40247488	-0.33427012	0.42211586	0.2345854	-0.48228574	0.49709436	-0.4669276	0.48565704	0.42625672	-0.53422385	0.41092744	-0.40040952
-0.04463731	-0.035267342	-0.12997964	0.11750985	0.013200846	-0.051103488	-0.010103739	0.07700381	-0.053995244	0.032510333	-0.06483821	0.059529375	0.07749954	-0.039055187	0.037548542	-0.0017428253
0.37369877	0.3561406	0.28719282	-0.18512751	-0.37881932	0.28665236	-0.41193953	-0.27115417	0.39089838	-0.32888818	0.28833404	-0.37747347	-0.3677672	0.35556465	-0.34031442	0.35649666
-0.3179824	-0.32359022	-0.29000223	0.2585792	0.33628336	-0.30005053	0.26918152	0.3770882	-0.30711654	0.30803645	-0.24663958	0.2675976	0.27237302	-0.2420766	0.2563762	-0.28406504
-0.21949828	-0.18518917	-0.13699599	0.043006048	0.17533125	-0.12653503	0.20297973	0.14336717	-0.2038394	0.2417946	-0.13923356	0.20516977	0.23212156	-0.1800423	0.15612686	-0.2060876
0.88754123	0.8295829	0.6920394	-0.48109236	-0.7924178	0.70446175	-0.80467427	-0.7652341	0.8428492	-0.8120302	0.6846182	-0.79237074	-0.8737366	0.8303243	-0.7824574	0.81559455
-0.5587496	-0.5369734	-0.50805134	0.24828207	0.5303811	-0.4869718	0.52082807	0.32307675	-0.46390718	0.5461172	-0.46264637	0.5201898	0.47189918	-0.48176098	0.5068031	-0.45448142
-0.21230657	-0.17159995	-0.20665845	0.015663423	0.21747811	-0.1408816	0.23934458	0.08942283	-0.22337283	0.21628876	-0.2100329	0.25243497	0.23102419	-0.25640103	0.15689196	-0.17163074
1.0496691	1.0179578	0.857303	-0.7126149	-0.88909113	0.8805296	-1.030165	-0.8396908	1.0271642	-0.9332967	0.8777172	-0.98966646	-1.0107398	0.9870996	-0.871707	0.95629257
-0.27494296	-0.22490354	-0.19453682	0.10783372	0.2939769	-0.18877746	0.25921702	0.16507296	-0.245739	0.22424811	-0.24385723	0.299389	0.2468988	-0.2525787	0.27921167	-0.24605478
-0.6423595	-0.6133979	-0.56312215	0.42247573	0.6162899	-0.60430884	0.6241822	0.4851455	-0.6018094	0.5853257	-0.562606	0.67965055	0.6708784	-0.6557905	0.5932033	-0.64133537
0.0627571	0.06652129	0.066245556	-0.06278544	-0.08988158	0.08239792	-0.04210902	-0.05584868	0.124385215	-0.08229784	0.10339926	-0.081428856	-0.07918934	0.05100168	-0.0965198	0.07111738
-0.32566229	-0.34398982	-0.33236647	0.18101855	0.27900067	-0.25679338	0.34312528	0.2749533	-0.34494883	0.2919111	-0.35241207	0.35824704	0.3020589	-0.29167202	0.31070435	-0.2839744
0.0088272765	0.010113962	-0.0085033495	0.06004713	0.0072747828	-0.036262956	0.034411527	0.017661845	-0.008094054	0.020134766	-0.0528365	-0.020476105	0.0375235	0.0294514	0.03685849	0.04365942
0.12258276	0.09980247	0.03330385	-0.032859113	-0.06589163	0.11873955	-0.08652902	-0.12110038	0.04289451	-0.06886595	0.08821062	-0.031900812	-0.036755808	0.08429161	-0.066369064	0.082844354
-0.31174472	-0.3136739	-0.29254204	0.1826328	0.25960365	-0.22931737	0.36315343	0.17259982	-0.3455138	0.28509814	-0.2762956	0.31845897	0.2714688	-0.31425035	0.29546514	-0.27009508
0.2014584	0.19227642	0.03788502	-0.14175305	-0.21966338	0.19900271	-0.2029116	-0.16189326	0.120019466	-0.25123322	0.07291764	-0.17091307	-0.23191014	0.22766499	-0.19959173	0.121002086
-0.6135366	-0.61699295	-0.5823092	0.44372258	0.5595842	-0.5918498	0.59716624	0.5349545	-0.604402	0.6347567	-0.5577285	0.627779	0.624917	-0.5749057	0.5687042	-0.57332116
0.06611896	-0.017474236	-0.09773554	-0.10417552	-0.0076878187	0.058518656	0.022958923	-0.15164365	0.012457998	-0.006556742	0.017547682	0.018616889	-0.06145175	0.05321264	0.0049603907	-0.04324689
-0.14225674	-0.16877292	-0.15986265	0.12407609	0.11558773	-0.12398643	0.12624677	0.17026742	-0.14803237	0.12742285	-0.1761014	0.19460127	0.15002042	-0.12003878	0.11439326	-0.17795393
-0.3231916	-0.33866432	-0.31446	0.19976325	0.29879487	-0.27622822	0.28879988	0.2776907	-0.34715346	0.32586482	-0.32505867	0.34784532	0.29917026	-0.30894044	0.3193949	-0.27495256
0.2871824	0.2626787	0.18908893	-0.14767279	-0.25536123	0.29689687	-0.29997212	-0.1875268	0.29517624	-0.34051347	0.22367369	-0.26994509	-0.30046228	0.361931	-0.30058086	0.28014246
0.10704623	0.09228069	0.07364895	-0.06926631	-0.124567844	0.10886798	-0.12929492	-0.007465124	0.11316831	-0.18216066	0.1107029	-0.14747335	-0.100708075	0.14630587	-0.13184153	0.07041916
-0.12049351	-0.080247276	-0.11383784	0.075422496	0.06379855	-0.014627714	0.02173661	0.13350077	-0.107851215	0.092471175	-0.09742267	0.06422936	0.11761755	-0.09783891	0.12714303	-0.08740488
-0.124570556	-0.10462487	-0.18919836	0.18924516	0.17593688	-0.16542299	0.11757024	0.1837629	-0.13098375	0.10365933	-0.1776976	0.113528684	0.17927279	-0.16091733	0.19523321	-0.1663148
0.5782887	0.55245864	0.43840143	-0.34937358	-0.51080906	0.48357278	-0.60178363	-0.44338676	0.52469295	-0.514403	0.49520698	-0.51014555	-0.5353247	0.55786604	-0.5192686	0.5436613
-0.58637655	-0.59268063	-0.5326535	0.20478998	0.5247248	-0.45001128	0.5184345	0.37939158	-0.52206135	0.51110846	-0.46901542	0.5700678	0.50216067	-0.5675119	0.5458958	-0.47149405
0.08430785	0.08013649	0.0030289562	0.03194811	-0.02560857	0.059590198	-0.0598087	0.0114385085	0.021521624	-0.113356344	0.09300503	-0.056746006	-0.04841216	0.1304335	-0.0762697	0.049381986
0.29822385	0.23627247	0.14225245	-0.14164093	-0.22858465	0.28043672	-0.2940554	-0.21884497	0.20516162	-0.23858508	0.13787903	-0.19541374	-0.22934823	0.21454446	-0.2586321	0.21790692
-0.0910682	-0.05293073	-0.016676236	0.027264476	0.014163008	-0.100518785	0.052638173	0.051859997	-0.06301306	0.028806867	-0.08480213	0.03488543	0.028499093	-0.066434965	0.10350572	-0.11361223
0.18206245	0.21761112	0.08915238	-0.15916938	-0.22244713	0.1922373	-0.20947742	-0.1590666	0.15721382	-0.26784852	0.12410645	-0.12288059	-0.22549823	0.24626173	-0.1624699	0.16113125
0.59179145	0.57830894	0.4298299	-0.3579728	-0.51672876	0.46869153	-0.5925929	-0.46941656	0.5354978	-0.5967576	0.47930053	-0.55980355	-0.5971271	0.6170712	-0.53868634	0.5402405
-0.11440617	-0.1453387	-0.11386972	0.14020953	0.092546105	-0.1963241	0.1534092	0.1852044	-0.20458281	0.101570934	-0.12506561	0.17165107	0.14588027	-0.08846834	0.11365199	-0.18400662
0.5166841	0.49931312	0.41284484	-0.26556188	-0.4364632	0.44202244	-0.5492076	-0.40028745	0.51435834	-0.50579613	0.42034096	-0.4654484	-0.47167712	0.5185501	-0.46495965	0.45282924
0.17201509	0.15389192	0.036842447	-0.10472553	-0.18349329	0.10354836	-0.18376985	-0.08793375	0.17422538	-0.10844207	0.14657049	-0.14267263	-0.18133791	0.21046177	-0.12043295	0.13672467
-0.15678065	-0.1854707	-0.16544628	0.15718369	0.17218217	-0.1380074	0.108701915	0.1370793	-0.18092412	0.18163194	-0.123578124	0.16624969	0.10599474	-0.11673164	0.118628085	-0.18673551
-0.21099463	-0.18791616	-0.16175215	0.06390454	0.1366362	-0.1800268	0.22915079	0.105223976	-0.15096368	0.20453414	-0.21762872	0.20908657	0.15548491	-0.18905404	0.2366475	-0.15555295
0.23768057	0.27011892	0.23171934	-0.21148312	-0.19421321	0.21078248	-0.20968656	-0.19897649	0.20270199	-0.25526956	0.19258791	-0.22368717	-0.24288785	0.23567897	-0.2529141	0.22390386
-0.26791212	-0.16460171	-0.1853051	0.01207364	0.17536911	-0.16425407	0.25988156	0.10496047	-0.19081317	0.25515145	-0.23136237	0.27900565	0.1890035	-0.18718763	0.23747161	-0.19716348
-0.2726928	-0.24201028	-0.24214497	0.18099514	0.18835543	-0.2569153	0.25564548	0.2784538	-0.18689297	0.2060972	-0.25374168	0.2639107	0.23848091	-0.1936544	0.17761652	-0.25692108
0.21643387	0.18608505	0.07255711	-0.042895168	-0.20367058	0.18207185	-0.18381324	-0.07573578	0.14684601	-0.22439857	0.1357499	-0.20813559	-0.23162423	0.22979747	-0.1858467	0.17846438
-0.0882036	-0.13916281	-0.095672965	0.06732109	0.08045084	-0.12366151	0.07565506	0.08116349	-0.06813798	0.10523005	-0.12085083	0.14759092	0.13022074	-0.07679536	0.12208246	-0.100632645
-0.07719781	-0.087970756	-0.1304691	0.027708992	0.12444994	-0.018331217	0.04676915	0.008360382	-0.092284575	0.09334878	-0.058948867	0.13433503	0.10827967	-0.06749051	0.1137471	-0.083257146
0.25684458	0.1894817	0.14478098	-0.31992465	-0.15827657	0.2685104	-0.1807823	-0.30811277	0.23616704	-0.15872233	0.112471014	-0.18241033	-0.24185735	0.23508236	-0.14813615	0.21326333
0.30667472	0.3096136	0.25114903	-0.19745189	-0.35602415	0.22514087	-0.39283776	-0.21918622	0.37073955	-0.3822913	0.33455095	-0.3687127	-0.31623384	0.35160783	-0.30664724	0.3509959
-0.36456728	-0.3726963	-0.32070693	0.19642717	0.4248279	-0.3677652	0.43886474	0.3828322	-0.38746276	0.38402873	-0.39864483	0.43050206	0.39584646	-0.42890307	0.3885037	-0.3637028
0.9058955	0.8977957	0.7292221	-0.61872226	-0.82057446	0.81438774	-0.9087628	-0.7505746	0.9177848	-0.8341623	0.76447177	-0.92940086	-0.8696766	0.8640978	-0.8536537	0.79833156
0.18931057	0.20699798	0.043638658	-0.1350027	-0.16043642	0.15235014	-0.17403579	-0.18679503	0.11810826	-0.18372616	0.057816863	-0.14443026	-0.22894947	0.23163567	-0.16151199	0.13716394
0.48739275	0.47555822	0.31722298	-0.35102186	-0.3870025	0.4006978	-0.49020815	-0.41074947	0.42825863	-0.451658	0.33535746	-0.46433195	-0.43000036	0.47141367	-0.40260088	0.45012543
-0.83351195	-0.84168154	-0.7158838	0.46629688	0.76559335	-0.62122947	0.82490444	0.6303939	-0.85398674	0.8530845	-0.7938423	0.88005984	0.7680591	-0.78346705	0.76958525	-0.7985797
0.074535094	0.09735673	0.057900116	0.02238941	-0.13294438	0.10259288	-0.108470656	-0.034615736	0.12779528	-0.17185615	0.098350935	-0.10506789	-0.16182032	0.15739642	-0.11232539	0.13424721
0.23163687	0.24049877	0.23790744	-0.08351104	-0.21978761	0.17585377	-0.26535094	-0.17577036	0.17875977	-0.21726486	0.1719049	-0.25701123	-0.2670955	0.21584505	-0.22099988	0.24424879
0.58926296	0.60339695	0.4081794	-0.36393997	-0.550573	0.460529	-0.5765394	-0.4232901	0.57026625	-0.61136764	0.51644343	-0.59190047	-0.55237186	0.57811147	-0.5593484	0.4830274
-0.2617557	-0.2328457	-0.32499433	0.0350933	0.23627542	-0.1229898	0.21883471	0.009767281	-0.2613873	0.22514278	-0.2803428	0.25330523	0.23715514	-0.24508546	0.22244717	-0.23177698
-0.03095031	-0.09963821	-0.13924766	0.057006355	0.030517993	-0.037737332	0.009420465	0.09839474	-0.06625085	0.053095415	-0.08806604	0.09484482	0.06285669	-0.03205942	0.09535195	-0.08712572
0.35105377	0.36902443	0.21287167	-0.1374544	-0.34451255	0.2751941	-0.327228	-0.24512015	0.32965133	-0.31160715	0.26334468	-0.34449938	-0.31173748	0.38085416	-0.3430988	0.3520243
-0.25114664	-0.22188681	-0.13648866	0.0138335	0.19168109	-0.14904878	0.21139246	0.027400956	-0.19545616	0.24232803	-0.2078846	0.20865764	0.26718834	-0.21416286	0.16322818	-0.24110481
-0.09405569	-0.07623884	-0.17894974	0.07050112	0.055503193	-0.070937395	0.0619207	0.11816055	-0.17169605	0.11830645	-0.13948537	0.13017383	0.05451125	-0.13440493	0.07555599	-0.13101487
0.4165412	0.38731003	0.34663925	-0.25005686	-0.41388074	0.419249	-0.4796806	-0.3808712	0.4440561	-0.41241074	0.326202	-0.4720905	-0.4104865	0.46937457	-0.42651922	0.38432032
0.32069555	0.35396114	0.22901373	-0.16651575	-0.2516022	0.3054459	-0.35070744	-0.19824395	0.23627031	-0.261275	0.25899115	-0.26056296	-0.27716374	0.3540954	-0.23131299	0.31925893
-0.14734176	-0.18292062	-0.17691104	0.08981647	0.14541365	-0.13373786	0.2272749	0.1198888	-0.22078754	0.15179096	-0.19567256	0.2310286	0.13461912	-0.22071321	0.18240386	-0.2007661
-0.25867307	-0.30853963	-0.29902935	0.1726521	0.22790313	-0.262009	0.27265424	0.26153025	-0.2761014	0.30799285	-0.25283682	0.25062227	0.31592122	-0.22579618	0.2523997	-0.22833282
0.01469942	0.044465855	-0.08823578	-0.08890301	0.025468953	0.027205843	-0.037372164	-0.083360374	0.006464083	-0.023644773	-0.010338499	0.036020886	-0.005255251	0.017601846	0.020236254	-0.03972241
0.3443988	0.38194665	0.24728823	-0.25925413	-0.30074254	0.3178053	-0.3717162	-0.30302688	0.38237864	-0.3338472	0.27218494	-0.3028898	-0.37996715	0.36536282	-0.30481148	0.28973377
0.24563731	0.2338189	0.17065945	-0.11838761	-0.14976066	0.18804422	-0.20747648	-0.18523462	0.19498818	-0.17470422	0.13093105	-0.16859478	-0.19021213	0.15684699	-0.17601538	0.15286918
0.40756923	0.3968195	0.34607768	-0.2820736	-0.42306206	0.3685652	-0.386538	-0.30842745	0.43365443	-0.37672788	0.35826567	-0.44077107	-0.3725287	0.37290096	-0.32580546	0.3469778
0.4146909	0.38764048	0.26879105	-0.23766333	-0.38271704	0.35471982	-0.3478516	-0.3018151	0.34373155	-0.35949147	0.33135688	-0.36542478	-0.3241367	0.389523	-0.3143384	0.3984609
-0.34090126	-0.31965363	-0.34593424	0.14099927	0.31313276	-0.3006702	0.37140572	0.23710068	-0.31026074	0.38859776	-0.37271354	0.39006576	0.33209205	-0.37399974	0.31003624	-0.3804461
-0.21403189	-0.23652357	-0.17230938	0.037168026	0.1666618	-0.15053158	0.1602768	0.10916947	-0.16982931	0.17873967	-0.21362685	0.2376185	0.24900621	-0.18660778	0.22166622	-0.16900186
-0.343547	-0.29913703	-0.29728237	0.090117775	0.30562374	-0.27069908	0.284095	0.14496273	-0.28292623	0.26925743	-0.3472171	0.34699336	0.25324246	-0.2629451	0.34774306	-0.31097433
-0.37351438	-0.34395304	-0.35803515	0.11490961	0.31480056	-0.27090883	0.3784979	0.23741123	-0.29952812	0.31116307	-0.2770563	0.39366263	0.32676893	-0.3269725	0.26988673	-0.3164769
0.03797175	-0.032010764	-0.07134295	-0.11315453	0.029448243	0.07272102	-0.037125427	-0.091644526	-0.02419442	-0.014618094	-0.007791044	-0.022655439	0.011832586	0.044814903	0.0016448178	0.018885206
-0.12221338	-0.042630225	-0.082044445	-0.010667611	0.07333102	-0.10068709	0.10996374	0.032556146	-0.060569976	0.13197337	-0.09794239	0.08231038	0.07138194	-0.12239277	0.11191482	-0.07167079
0.070502214	-0.021446794	-0.0006426666	-0.079296276	0.026737165	0.05948922	0.01411077	-0.06503887	0.005673648	-0.040983606	0.009506398	-0.000959478	-0.0474044	0.035048574	-0.04412104	0.045385953
-0.08558139	-0.07237832	-0.116651975	0.057367664	0.05675843	-0.097021475	0.044810504	0.07185779	-0.07597514	0.063302815	-0.091173366	0.08903226	0.07116821	-0.113136224	0.1200376	-0.04579772
-0.9120924	-0.8241919	-0.7236381	0.4943781	0.8249692	-0.7446746	0.8706093	0.67110676	-0.8292641	0.8558948	-0.7594574	0.83178186	0.8748355	-0.89847064	0.75914013	-0.7987548
-0.19391687	-0.22977489	-0.22939694	0.102834426	0.24013379	-0.1732266	0.26797286	0.21295013	-0.25078943	0.22708075	-0.18957673	0.2530381	0.19047299	-0.23915726	0.16045721	-0.18916358
0.07120155	0.09263348	-0.12852904	-0.0027061591	-0.010326978	0.07130053	-0.06456238	-0.03313722	-0.04895589	-0.09881396	-0.03736565	-0.044839654	-0.11568219	0.0706338	-0.036724247	0.07655415
0.7530242	0.7804378	0.5484063	-0.42033508	-0.6478406	0.66697294	-0.7655182	-0.6094697	0.68872637	-0.7513253	0.66794086	-0.7647293	-0.69255143	0.74747753	-0.6784576	0.66684854
-0.08563395	-0.1332822	-0.09012778	0.09862066	0.090742	-0.1091451	0.07483305	0.04649565	-0.123289965	0.073257595	-0.09829497	0.13086434	0.10645491	-0.16920644	0.13038895	-0.12885292
0.24351572	0.23546681	0.20368147	-0.115958646	-0.16285081	0.17172436	-0.229758	-0.20676206	0.23860678	-0.17465274	0.17290081	-0.24561283	-0.18976913	0.17309046	-0.20751932	0.18347171
-0.20503858	-0.17084596	-0.13743192	0.048491925	0.18200909	-0.13986804	0.14157811	0.07012011	-0.14528733	0.20444442	-0.17042752	0.18304273	0.15391669	-0.16915515	0.12397279	-0.16621433
0.6022864	0.54230666	0.30930525	-0.43598238	-0.44299322	0.51365143	-0.5593652	-0.4811975	0.54668254	-0.4980568	0.38625586	-0.4654613	-0.5070645	0.5509491	-0.5090299	0.43183595
-0.0073446073	-0.010936676	-0.047318727	0.004294125	-0.0076440237	-0.018200113	-0.0010567807	-0.002894744	-0.004908728	0.014982097	-0.007547624	-0.0078894505	-0.05107921	0.0337199	-0.038857132	-0.038470738
0.39196235	0.374354	0.21918362	-0.26828027	-0.2800808	0.38299114	-0.3879587	-0.3207785	0.34604967	-0.34110495	0.31501865	-0.29526874	-0.3112771	0.34197485	-0.36445826	0.36842903
-0.4409158	-0.44285214	-0.37337708	0.24042724	0.4041688	-0.37866598	0.4213005	0.3447654	-0.44955492	0.42067546	-0.40753257	0.40126282	0.44633034	-0.4663368	0.4343751	-0.3884632
0.011539078	0.040944148	-0.054378983	0.005467077	0.0059163	-0.030684689	-0.03539502	-0.023195501	-0.0017950946	-0.06795013	0.0287536	-0.020684578	-0.051224113	-0.0002640735	0.006775411	0.062362123
-0.46104416	-0.45484814	-0.3911742	0.24717431	0.39809427	-0.3765191	0.44755915	0.34867314	-0.4029161	0.41315678	-0.387996	0.43948594	0.4628999	-0.42745024	0.45302698	-0.46838522
-0.12354029	-0.08137623	-0.13852787	-0.00013522407	0.04310914	-0.123364076	0.11504561	0.11481819	-0.099493854	0.14001018	-0.13864939	0.14656162	0.10691999	-0.13518877	0.113003545	-0.09031828
-0.4556597	-0.45370308	-0.38450664	0.29538175	0.4438744	-0.31890807	0.39362803	0.38660398	-0.4013939	0.38973808	-0.37088707	0.45290738	0.36525238	-0.37978444	0.36853868	-0.37850404
-0.427229	-0.4256168	-0.39283395	0.17888568	0.34194356	-0.27223143	0.4505273	0.25282604	-0.34787592	0.4149205	-0.35188073	0.4217011	0.3842826	-0.40004244	0.38975188	-0.3272039
-0.10972626	-0.18114693	-0.040126383	0.19849218	0.11047457	-0.0984598	0.12510887	0.18583992	-0.18717104	0.15232533	-0.123941466	0.16391993	0.1259848	-0.10315781	0.1325368	-0.16465084
-0.54704756	-0.47862193	-0.5125672	0.24084143	0.52262425	-0.37815365	0.49495056	0.3627064	-0.46892187	0.50539184	-0.4421824	0.561508	0.54706746	-0.49139112	0.49603	-0.4898046
0.36850855	0.35284898	0.2965294	-0.33745566	-0.36222506	0.34718263	-0.42125753	-0.3838626	0.39263973	-0.34783906	0.34685624	-0.41261134	-0.36376798	0.41536725	-0.36725157	0.3563991
0.42939684	0.33750522	0.2900237	-0.21723583	-0.35710955	0.3175195	-0.43906623	-0.3526789	0.31609133	-0.34136713	0.27936998	-0.3142786	-0.4164305	0.4033587	-0.34283414	0.31526002
0.22898188	0.23317878	0.18119384	-0.24600922	-0.20910513	0.27420977	-0.21956547	-0.23254856	0.21318765	-0.24448998	0.21506196	-0.23876849	-0.21349803	0.25419956	-0.18152831	0.2008578
0.36498418	0.31778955	0.1848455	-0.08610516	-0.27149436	0.30177873	-0.3697174	-0.24246931	0.26823142	-0.28023717	0.25394	-0.3031213	-0.3086377	0.3784292	-0.28405166	0.25989503
-0.081053704	-0.039899413	-0.12505035	0.041494124	0.039314788	-0.07682432	0.10835948	-0.022793502	-0.07117168	0.04818308	-0.15392579	0.05337261	0.046362206	-0.08220535	0.049333967	-0.101347275
0.36833733	0.41896468	0.46929637	-0.09584269	-0.38491604	0.30789894	-0.4130846	-0.16191572	0.3467675	-0.34909245	0.43438584	-0.44005647	-0.39235976	0.4216601	-0.38323626	0.37086904
0.17638132	0.1571372	0.07562425	-0.10095386	-0.071426906	0.16040376	-0.19126953	-0.070304096	0.084147446	-0.13237028	0.11114085	-0.09624722	-0.12197875	0.2085935	-0.09984222	0.15697917
-0.12833	-0.08419065	-0.07600086	-0.041065745	0.1244417	-0.08414879	0.12689824	0.034066226	-0.047157086	0.11741469	-0.13598336	0.14463192	0.14747895	-0.08329459	0.10839876	-0.0668496
-0.30006975	-0.25138307	-0.3070255	-0.018041557	0.27599618	-0.206847	0.32035896	0.10427281	-0.30764896	0.309613	-0.32765314	0.35808364	0.23697658	-0.26115695	0.29640967	-0.28757122
-0.028161228	-0.014827308	-0.046139292	-0.16097595	0.005579804	0.052552734	0.0104812505	-0.12144475	-0.028137106	0.026435103	-0.07845109	0.020180536	-0.032136545	-0.033912968	-0.03619144	-0.05918314
-0.7574523	-0.7713756	-0.6665434	0.5730589	0.70245546	-0.7311127	0.80241275	0.58905447	-0.8042437	0.7724498	-0.7314955	0.7727147	0.8123541	-0.81107205	0.72799766	-0.7046296
-0.44755256	-0.39180207	-0.34490684	0.31818566	0.35701022	-0.3407618	0.4314223	0.3873858	-0.38479614	0.38030556	-0.40083396	0.44773468	0.41660142	-0.42353296	0.39312756	-0.39846107
0.16748397	0.11115047	0.117747486	-0.08455792	-0.11902162	0.11168929	-0.1457394	-0.058117706	0.11599053	-0.10300738	0.15817429	-0.17196111	-0.10620154	0.09477434	-0.12483198	0.14096771
0.2750367	0.28217208	0.26443338	-0.21397693	-0.20710774	0.30359945	-0.23520929	-0.2703141	0.3155761	-0.29593292	0.24294832	-0.28541362	-0.31100973	0.31125075	-0.21756768	0.21891248
-0.054293845	-0.038152244	-0.11772216	0.08110134	0.06297732	-0.09385032	0.10782549	0.10425331	-0.06439176	0.084908225	-0.0913437	0.02724539	0.061981976	-0.06761105	0.015615898	-0.04199825
0.09351156	0.035733514	0.0860164	-0.12046046	-0.062781595	0.051292766	-0.08171406	-0.09891422	0.05710104	-0.0974229	0.025023464	-0.06720603	-0.06595435	0.04467009	-0.11415575	0.08008068
0.37535384	0.29466462	0.2197479	-0.31755438	-0.27157262	0.3192158	-0.26961383	-0.27859452	0.2952262	-0.2795276	0.25521827	-0.27191103	-0.30171144	0.35356826	-0.24690863	0.2809625
0.3070876	0.3026622	0.16616838	-0.24461351	-0.25796226	0.34047368	-0.32425845	-0.34226257	0.25533238	-0.3029557	0.21717905	-0.29338005	-0.31585792	0.34289375	-0.25236708	0.23528445
-0.48848498	-0.3885832	-0.41899267	0.23702104	0.37366563	-0.36292508	0.46374834	0.33501896	-0.3924972	0.42025045	-0.45020473	0.47771618	0.42530292	-0.4174383	0.3809117	-0.43179718
-0.16482536	-0.122072645	-0.11845761	0.028273614	0.09466234	-0.11928613	0.1662101	0.047034785	-0.18101287	0.122284085	-0.17829415	0.15168576	0.13774478	-0.097697526	0.16862103	-0.13906305
0.22704552	0.20180248	0.32923946	-0.042877823	-0.24954464	0.1555837	-0.27501756	-0.12458657	0.23483053	-0.23549345	0.30278814	-0.29962817	-0.26597795	0.19989538	-0.23904434	0.18721913
0.020505961	0.0714761	0.037363715	0.014322035	-0.07782618	0.038660813	-0.06874227	0.053110354	0.058363147	-0.04754739	-0.0050268057	-0.018752769	-0.012280681	-0.007826343	-0.032615032	-0.0039452747
0.2011292	0.21995176	0.14787368	-0.23319224	-0.19499607	0.1609002	-0.19026448	-0.2315982	0.17834345	-0.17586718	0.17170615	-0.13863432	-0.1967092	0.17984481	-0.111120135	0.20549148
0.22393891	0.2584517	0.21307698	-0.13323434	-0.274423	0.18384613	-0.17898223	-0.13370098	0.22574419	-0.23347366	0.20682956	-0.25810647	-0.20569506	0.20067626	-0.21525791	0.20975552
0.17094481	0.10641574	0.12800367	-0.2323571	-0.095070176	0.16423991	-0.11273915	-0.17362083	0.16019261	-0.15434082	0.12704058	-0.11303935	-0.13631187	0.11315794	-0.11106544	0.16350742
0.22585525	0.25349844	0.05939242	-0.192608	-0.20396228	0.22500241	-0.28920618	-0.16434173	0.15828867	-0.21265624	0.15473653	-0.19382101	-0.26665175	0.31455696	-0.18265612	0.22160959
-0.1707376	-0.1822188	-0.1564153	-0.084979944	0.1713862	-0.09721016	0.11869301	-0.007093319	-0.11447996	0.200491	-0.19511895	0.17884664	0.17057365	-0.13686636	0.141863	-0.116402015
0.13511653	0.15908742	0.08430797	-0.07759756	-0.16288757	0.21342583	-0.14058368	-0.12969013	0.12602632	-0.20954944	0.183326	-0.1930822	-0.22450383	0.20066915	-0.2167145	0.14820556
0.29676118	0.24251282	0.23309036	-0.14074494	-0.24292587	0.17628379	-0.28515795	-0.23972271	0.2526595	-0.19905671	0.22506185	-0.26200765	-0.2337257	0.26307333	-0.22506317	0.17577833
-0.22388741	-0.14979438	-0.20163287	0.1866205	0.16669981	-0.18470328	0.22504532	0.23238824	-0.21497016	0.20263547	-0.2559053	0.15443893	0.1485888	-0.21373744	0.22868478	-0.22077453
0.5579824	0.5677248	0.46745235	-0.31666735	-0.49243197	0.5246214	-0.5314284	-0.39099017	0.5189095	-0.57906574	0.4534001	-0.506058	-0.5567358	0.58816946	-0.5024624	0.47878724
-0.16989924	-0.101578996	-0.18061253	0.040007178	0.15192883	-0.12246136	0.16770306	0.08553457	-0.13907802	0.12603447	-0.116441965	0.12834066	0.118339844	-0.12747939	0.16334626	-0.14133276
0.24575226	0.15615393	0.121235445	-0.08765405	-0.18561903	0.15235674	-0.24363095	-0.12861377	0.18439977	-0.17089081	0.18871607	-0.2263997	-0.22980641	0.16878167	-0.19053437	0.2188378
0.71516854	0.6563624	0.60194826	-0.4519785	-0.7078455	0.6473259	-0.6693931	-0.5949986	0.68929505	-0.7344819	0.60050726	-0.7421614	-0.69866186	0.6959627	-0.7004789	0.6925725
-0.16174123	-0.15177844	-0.08332985	0.14324903	0.13245273	-0.18893681	0.14097641	0.13373837	-0.117427506	0.18798766	-0.12460636	0.15400006	0.152756	-0.12852475	0.13473853	-0.1628083
-0.43395126	-0.44789845	-0.3892834	0.26792055	0.42928058	-0.36206043	0.4083234	0.29026824	-0.3627546	0.4225725	-0.36386597	0.39238518	0.44922107	-0.41028684	0.42326498	-0.37194276
0.25563052	0.23553091	0.18243267	-0.08973713	-0.24495345	0.22294077	-0.23152569	-0.16770224	0.17136455	-0.1917476	0.16381145	-0.23031339	-0.24386646	0.2801693	-0.18922475	0.19620986
-0.12212057	-0.18181118	-0.09516025	-0.009348522	0.16237676	-0.104495116	0.12569559	-0.01844681	-0.09196525	0.1655899	-0.1720769	0.14966233	0.16541953	-0.15680012	0.10344488	-0.13109072
0.4878567	0.48784626	0.41142967	-0.2972212	-0.4850453	0.42068228	-0.552541	-0.42455304	0.4951746	-0.55955654	0.46394762	-0.45221105	-0.4982874	0.5695298	-0.5103852	0.45119482
0.24787506	0.23395567	0.1536569	-0.13811247	-0.2191499	0.18969595	-0.17573024	-0.11264855	0.17475478	-0.23705354	0.16901691	-0.23010278	-0.1999027	0.1995987	-0.1582202	0.2016017
0.25812018	0.29256678	0.13718586	-0.12803248	-0.24027565	0.25462314	-0.29045382	-0.17990662	0.26391822	-0.27276516	0.21755062	-0.21391012	-0.2430076	0.3029923	-0.22415501	0.18864778
0.48308048	0.42609546	0.3697735	-0.24500822	-0.38088167	0.37869903	-0.40172702	-0.33491662	0.38948637	-0.4014748	0.37735328	-0.4316625	-0.43001392	0.46162024	-0.39912775	0.35074228
0.106452465	0.13919064	0.045791075	-0.16007978	-0.14076674	0.17770451	-0.116239384	-0.11255243	0.14391145	-0.09410951	0.077009864	-0.13657409	-0.098606504	0.13135576	-0.08480089	0.05972062
-0.24995373	-0.16013421	-0.114541285	0.07389183	0.23049478	-0.21664846	0.23158053	0.15082043	-0.13956726	0.25215822	-0.17277427	0.22644556	0.22041553	-0.20046669	0.23248963	-0.15330811
0.35627437	0.27919123	0.24068773	-0.17603728	-0.276413	0.27905998	-0.30616874	-0.3112116	0.3127449	-0.30505085	0.22830817	-0.3476319	-0.32347998	0.35366297	-0.31270212	0.30658114
-0.68166566	-0.6820381	-0.6016526	0.35321084	0.69365954	-0.58310467	0.63547224	0.5078562	-0.68095356	0.67589974	-0.68007314	0.66608554	0.6837867	-0.699763	0.7112232	-0.6460837
0.0013354659	0.048824083	-0.115809605	0.0028864434	0.02634655	-0.023506742	0.02787693	0.028714232	-0.08069597	0.019376779	-0.14160074	0.032708984	0.029452082	-0.0068967314	0.03486077	0.009454117
-0.20762356	-0.134264	-0.12609778	0.13091794	0.14209113	-0.12268655	0.17682749	0.121656284	-0.1621902	0.10772758	-0.2128521	0.13581447	0.17861256	-0.1802686	0.15970367	-0.1854217
0.48589912	0.40298006	0.27902988	-0.34609514	-0.39633375	0.4094719	-0.49619514	-0.38157952	0.4223916	-0.4324227	0.34386343	-0.42755812	-0.46606922	0.39425337	-0.38233048	0.41148672
0.38629013	0.37759703	0.22991207	-0.17658962	-0.31671792	0.36798176	-0.36169827	-0.32661077	0.33036548	-0.41399166	0.31670484	-0.43159303	-0.364308	0.43624908	-0.39776942	0.35046595
0.63108236	0.6034556	0.5515068	-0.46148407	-0.53061545	0.48390937	-0.65135175	-0.48967725	0.63872814	-0.6411315	0.55061394	-0.5719166	-0.5554471	0.6322988	-0.58143526	0.57459337
0.25077564	0.25641814	0.18808037	-0.22846797	-0.24667357	0.17908487	-0.17341238	-0.22003233	0.16285181	-0.16492502	0.15767646	-0.2544211	-0.17995846	0.18597417	-0.20142458	0.15810522
-0.058825992	-0.10808234	-0.12935042	0.100213714	0.07490465	-0.046123657	0.08589737	0.091619164	-0.10604432	0.07712109	-0.12517112	0.061198436	0.11295581	-0.097839996	0.06246094	-0.060014658
0.2865854	0.22679895	0.14732361	-0.17396866	-0.19615257	0.2656512	-0.3019527	-0.1911108	0.17969139	-0.20512538	0.16144001	-0.19324471	-0.28222498	0.25368744	-0.2390315	0.1830025
-0.024854336	0.04081636	-0.023272058	-0.041421123	-0.021440195	-0.04054688	-0.04291047	-0.041302457	-0.03183562	0.001974704	-0.05013516	-0.02437112	-0.013385908	0.04743982	0.004507508	-0.0449005
-0.15692794	-0.15239649	-0.17724623	0.034317162	0.11958967	-0.14382786	0.13470857	0.10560634	-0.20638432	0.15652041	-0.18737926	0.19399418	0.15841292	-0.16087894	0.19758235	-0.18211313
-0.19576226	-0.23529057	-0.2393072	0.11181446	0.21011277	-0.23687965	0.24582206	0.18115069	-0.2777799	0.19679172	-0.19510068	0.25746492	0.24405347	-0.24511029	0.19519693	-0.19142503
-0.45680913	-0.4444879	-0.37810263	0.13672653	0.39854762	-0.3353638	0.40302894	0.22910254	-0.38312185	0.4204716	-0.41415375	0.4480701	0.44237947	-0.4640976	0.36683175	-0.39888257
-0.018855123	0.013739537	-0.011389032	0.057174224	-0.05698633	-0.0446664	-0.052371874	-0.015562682	-0.031276356	-0.012212309	-0.066240385	0.0008704783	-0.066038445	0.002463424	-0.024813345	0.0022274668
-0.13312387	-0.15553388	-0.10913943	0.0140257925	0.0961526	-0.0863585	0.109704174	0.059588335	-0.12851028	0.16717435	-0.08769909	0.17482673	0.17659488	-0.12758346	0.132265	-0.16662881
0.19276755	0.20586868	0.1691609	-0.27979842	-0.24459982	0.23078841	-0.16568922	-0.21045983	0.21979696	-0.25479898	0.13747793	-0.16308165	-0.19686566	0.20152119	-0.16377424	0.17702505
-0.16725068	-0.19807881	-0.116381705	0.08787519	0.19349961	-0.20314676	0.18002152	0.13406953	-0.16247588	0.122680366	-0.17985559	0.12579444	0.12789728	-0.15092877	0.15000246	-0.13313286
-0.084214196	-0.09017623	-0.08956014	0.12133766	0.14307451	-0.13543198	0.09150357	0.08578605	-0.094467275	0.08940746	-0.12726076	0.07810074	0.07816269	-0.15366587	0.11564512	-0.16566345
-0.40075424	-0.34013635	-0.37906796	0.22450891	0.40787914	-0.40062752	0.38529867	0.35927737	-0.33214843	0.43239453	-0.3718547	0.36636198	0.33684608	-0.35440096	0.34873295	-0.41084012
-0.37612528	-0.31953126	-0.27024728	0.15143408	0.26600453	-0.26898712	0.33131272	0.14963505	-0.32237166	0.36596888	-0.30534655	0.33388075	0.31271338	-0.33597535	0.33122727	-0.2680591
-0.11559504	-0.13959105	-0.23593588	0.1148274	0.19176693	-0.12577711	0.16314282	0.06965687	-0.19180763	0.119462974	-0.18851271	0.17531116	0.14094338	-0.07975409	0.09800139	-0.18887958
0.51406395	0.41152892	0.30949286	-0.35336664	-0.39399657	0.36578038	-0.48544592	-0.4394827	0.4054186	-0.3928713	0.3319917	-0.3989473	-0.41194358	0.4757622	-0.40821946	0.37686628
0.39055723	0.40573207	0.28487858	-0.24702963	-0.39824173	0.37073722	-0.3938735	-0.3548146	0.36556277	-0.4323033	0.3684479	-0.36786103	-0.37608275	0.3533567	-0.3628204	0.30841374
-0.05833177	-0.0882198	-0.068182334	4.379287e-05	0.051641505	-0.014914063	0.0918368	0.028465137	-0.06941534	0.07494211	-0.02986048	0.070660144	0.05940043	-0.04450931	0.07549109	-0.008536967
0.038341586	-0.039068896	-0.030948669	0.011112491	-0.024957145	0.00093203806	0.011251328	0.033520494	-0.03004067	-0.029493311	-0.089423805	0.0447905	-0.059874486	-0.009424711	0.029038297	0.02480274
0.6242744	0.630935	0.38304594	-0.43518674	-0.55876225	0.56720436	-0.6434428	-0.5714006	0.58747363	-0.61699563	0.48190713	-0.6451602	-0.5703434	0.59370375	-0.5600298	0.5585107
0.05438439	0.124860615	0.008768193	-0.029081825	-0.0373715	0.03968058	-0.09139884	-0.032071114	0.06107455	-0.060010158	0.0744748	-0.072070636	-0.12920329	0.11714679	-0.02908606	0.08644856
-0.17259176	-0.22899309	-0.16374503	0.10963751	0.2504002	-0.18684652	0.178762	0.100142986	-0.24994801	0.18695712	-0.2409583	0.23568445	0.21040373	-0.2036304	0.14797181	-0.16052769
0.5707298	0.51943594	0.4329228	-0.35220715	-0.4982186	0.47744703	-0.5540691	-0.40598536	0.48496372	-0.5216468	0.45545244	-0.5186056	-0.5783612	0.5837502	-0.4579453	0.45959377
-0.2957845	-0.2627219	-0.2925019	0.095625155	0.35341653	-0.3001051	0.3262023	0.21821757	-0.25913993	0.32095394	-0.27311718	0.39470065	0.36504441	-0.3432771	0.2850098	-0.29352427
-0.34207395	-0.32843617	-0.34365803	0.30175966	0.36134544	-0.33445114	0.35854435	0.34443834	-0.34281868	0.34381482	-0.32125813	0.36861756	0.31932613	-0.39888337	0.40386045	-0.31280282
0.16440031	0.11765837	0.06625341	-0.080093265	-0.13883397	0.15186691	-0.1294445	-0.12620257	0.16199584	-0.11665668	0.097106345	-0.16031757	-0.113184355	0.18364543	-0.15076491	0.12009898
0.687608	0.64791125	0.50626945	-0.47436932	-0.5929088	0.580893	-0.60594094	-0.52518696	0.6289272	-0.62705714	0.5305358	-0.61183983	-0.6075418	0.616599	-0.62254554	0.60754436
0.37776247	0.44427487	0.27725214	-0.2608326	-0.3996959	0.34048542	-0.397327	-0.29974124	0.37088528	-0.37422916	0.32456774	-0.3355386	-0.40918422	0.38563436	-0.33145586	0.3080968
0.4803727	0.3815897	0.32067338	-0.23555522	-0.38099527	0.37968776	-0.41212994	-0.34771726	0.38305753	-0.4238433	0.39838594	-0.4609089	-0.41057536	0.45234004	-0.37776333	0.4277413
0.6454241	0.6124503	0.47584048	-0.43268752	-0.5980695	0.55595976	-0.6617495	-0.57581866	0.63106346	-0.58844036	0.5168786	-0.62104064	-0.6439123	0.61570394	-0.59558123	0.5642393
0.3059002	0.28622875	0.15214647	-0.15110868	-0.2788908	0.25491935	-0.2132818	-0.21964468	0.23458384	-0.23638004	0.25647387	-0.27365974	-0.28297555	0.27796066	-0.1913903	0.20143095
0.2254978	0.25967315	0.14367321	-0.13495843	-0.2281766	0.22169384	-0.28147995	-0.17726149	0.19429189	-0.23202549	0.154555	-0.20230803	-0.20104074	0.28032643	-0.1987955	0.21430779
0.55502975	0.5684984	0.32818064	-0.32171178	-0.49214765	0.52786845	-0.53451294	-0.47066855	0.47818482	-0.5593287	0.4034344	-0.5604206	-0.5681239	0.5098616	-0.47014326	0.46186373
-0.014305602	-0.0414813	-0.020428441	0.06968614	0.07115801	0.006490269	-0.029731244	0.008677885	-0.06767307	-0.033424832	0.010551152	0.03272238	-0.013257568	0.022662641	-0.0163616	-0.027288875
0.3678662	0.30915695	0.24028511	-0.26247105	-0.30521464	0.34167275	-0.29235473	-0.3109988	0.3213009	-0.31239372	0.29331416	-0.3210575	-0.29381242	0.36038575	-0.2774292	0.29916626
0.13980344	0.19535093	0.09323646	-0.023924906	-0.21159314	0.21020302	-0.28476298	-0.13411805	0.11387564	-0.203052	0.06834769	-0.15543844	-0.17502393	0.19939694	-0.18418328	0.18307994
0.76149553	0.6775385	0.51023394	-0.5182167	-0.63439095	0.5589184	-0.72634894	-0.6090571	0.62680167	-0.69613224	0.5733153	-0.7130181	-0.6850223	0.68456566	-0.60770637	0.5684372
-0.20087184	-0.21000868	-0.21992637	0.14921056	0.19077586	-0.16852894	0.2016432	0.16426279	-0.21296813	0.19170658	-0.15722537	0.25313753	0.25959972	-0.25754806	0.26949143	-0.25417423
-0.06268555	-0.05747631	-0.18925193	-0.15581569	0.06434936	0.015719391	0.044181287	-0.12762985	-0.0777567	0.091223456	-0.14269173	0.085457005	0.116822675	-0.090108775	0.09118539	-0.11499594
0.1322812	0.1095829	0.12904905	-0.08241558	-0.08933567	0.056017682	-0.114870235	-0.059451766	0.097068526	-0.17100056	0.05738942	-0.12803191	-0.09941479	0.17198019	-0.15136187	0.08887773
-0.32311597	-0.22946537	-0.22162795	0.06700713	0.2124098	-0.23720516	0.3121939	0.22580576	-0.20843033	0.29445627	-0.23106906	0.24821466	0.23815113	-0.27074894	0.23854898	-0.21765159
0.18799832	0.11727425	0.07585375	-0.07940462	-0.16646874	0.120221816	-0.16658401	-0.09333444	0.09201595	-0.11291624	0.063616306	-0.102275476	-0.13111661	0.15519246	-0.16858308	0.12952581
-0.046115477	-0.045473002	-0.1049751	0.0857218	0.100731984	0.02169586	0.024477506	0.012527645	-0.07144236	0.072654836	-0.103814125	0.11168919	0.032449037	-0.059959695	0.06760153	-0.058593936
-0.2565025	-0.2710584	-0.21649957	0.16452579	0.20329511	-0.14735667	0.19124071	0.20393904	-0.29088634	0.23757522	-0.2515081	0.21600077	0.2443374	-0.20850405	0.22393931	-0.19512106
0.010519885	0.052233245	0.06038831	-0.12234591	-0.096628115	0.016097527	-0.023926346	-0.11446044	0.07788255	-0.061364155	0.052195348	-0.007545152	-0.00022779497	0.060680773	-0.011515257	0.06618824
0.1502028	0.13406368	0.07417949	-0.07418981	-0.1561438	0.10273061	-0.16274512	-0.09085055	0.0961513	-0.20088224	0.15239574	-0.20060717	-0.17537504	0.13286036	-0.180945	0.10743608
0.5202828	0.5733362	0.38382608	-0.38195652	-0.4755252	0.49862534	-0.5708071	-0.54111135	0.49622905	-0.4956903	0.4415275	-0.55118227	-0.5575372	0.5092689	-0.5328873	0.4644011
0.06896572	0.067328736	0.037283912	-0.062396828	-0.11334753	0.089342326	-0.12419722	-0.0626278	0.09264956	-0.104067	0.0039505092	-0.056973998	-0.03838058	0.049107626	-0.06707339	0.032114726
0.006163553	0.051839296	0.016957175	-0.046075292	-0.011744854	0.014542166	-0.09845918	-0.051362317	0.09922439	-0.092079595	0.08297965	-0.054315113	-0.075919956	0.03287397	-0.06650367	0.024867443
0.016856328	-0.027376277	0.0053596515	-0.07965259	-0.037327666	0.03598625	0.044900116	-0.05495302	0.014995448	-0.029539041	-0.03425487	0.026424551	0.01771553	-0.048494585	0.0036207528	-0.04058789
0.07580124	0.07277216	0.04784411	-0.16360055	-0.11652421	0.1079298	-0.08332749	-0.17973462	0.07218571	-0.09981401	0.11745084	-0.123414285	-0.071004525	0.10832362	-0.111864895	0.13505788
-0.20813793	-0.25458643	-0.21115974	0.09378253	0.245546	-0.1824012	0.18054743	0.11851584	-0.22182673	0.21255909	-0.18824422	0.24137811	0.19377698	-0.22453	0.24877277	-0.20634559
-0.093062855	-0.011751852	-0.086104736	0.08161272	0.024936412	-0.04076071	0.09123455	0.054387778	-0.004341989	0.032926533	-0.028144225	0.02789636	0.025300365	-0.079607405	0.013621451	-0.005106683
-0.16844854	-0.22056602	-0.14767246	0.062059335	0.20005146	-0.1449829	0.1452159	0.1296799	-0.17499308	0.1359586	-0.1930563	0.23186417	0.18077837	-0.19102472	0.18647671	-0.17338671
0.05694838	0.07609295	-0.032203846	-0.057652257	-0.039160237	0.05138864	-0.05683854	-0.024249667	0.014765923	-0.08898074	0.067903936	-0.04619173	-0.12167121	0.066364	-0.018751614	0.028557153
0.043475933	0.04013046	-0.06336443	-0.08810636	0.02634489	0.06939799	0.01867144	-0.058435347	0.032034505	-0.014334553	-0.019718904	-0.0067588207	-0.032934498	0.04744049	-0.0148889255	-0.009030149
-0.39197043	-0.36568603	-0.33368132	0.2480752	0.42206514	-0.37211177	0.41225967	0.3702873	-0.42761797	0.4497088	-0.40633366	0.377578	0.4126415	-0.4315358	0.44298324	-0.43359703
0.35996562	0.30009484	0.16562489	-0.30099443	-0.2892872	0.34706235	-0.3553463	-0.41183522	0.336942	-0.3239809	0.26928213	-0.33604586	-0.28796735	0.3073311	-0.28133267	0.2557613
-0.68526036	-0.68169427	-0.5836118	0.3983111	0.6635494	-0.5649715	0.6409526	0.5700118	-0.69514704	0.64755285	-0.5511829	0.6856674	0.6255633	-0.6043209	0.64710385	-0.6306149
-0.40498015	-0.45463693	-0.4064172	0.2193365	0.4120058	-0.37335595	0.4597063	0.33869693	-0.40253457	0.38628998	-0.40575105	0.4231948	0.4476112	-0.37976986	0.42128056	-0.39822233
0.11147777	0.15904304	0.11310972	-0.044134587	-0.07996232	0.064434126	-0.09675772	-0.102922104	0.07989587	-0.097107925	0.13963082	-0.15781808	-0.18506211	0.13390793	-0.077143654	0.14271368
0.11439803	0.0703201	0.081984766	-0.04665549	-0.057997156	0.04404002	-0.0745277	-0.066408195	0.09746896	-0.09571132	0.08278748	-0.13326736	-0.096459255	0.05890402	-0.07340302	0.081147455
0.4207638	0.4421499	0.33767453	-0.2935212	-0.34231967	0.3957638	-0.4113723	-0.3447063	0.4173074	-0.43828213	0.40146774	-0.45792928	-0.42655626	0.3865965	-0.4035492	0.38964403
-0.043522626	-0.007189692	0.004114395	-0.07173144	-0.041219577	0.01721673	-0.014734031	-0.009280988	-0.0232766	-0.018284779	-0.0045515327	0.044293623	0.0012279013	-0.0004622044	-0.013284191	0.002774306
-0.02491251	-0.06832597	-0.028156705	-0.027771292	0.030983016	-0.08777006	0.03540498	0.037814658	-0.015935926	0.07501949	-0.03244214	0.099431746	0.083396606	-0.03280499	0.014051651	-0.030558787
0.63887215	0.6576404	0.4907239	-0.4737613	-0.55608815	0.56515044	-0.6458819	-0.5771497	0.6726194	-0.6127766	0.5417795	-0.64642197	-0.66728044	0.63026214	-0.6394676	0.5724656
0.45213315	0.43606266	0.3852331	-0.24897487	-0.40450937	0.33475673	-0.38464105	-0.3495618	0.4327281	-0.41862914	0.41951934	-0.4115924	-0.3724489	0.39551345	-0.34391227	0.40942714
0.61724657	0.6271172	0.47250262	-0.39234358	-0.5380816	0.5538218	-0.5837101	-0.55672985	0.5289724	-0.5562458	0.46310505	-0.56061846	-0.61233175	0.5793708	-0.57854575	0.5216697
0.40211508	0.42538497	0.26006052	-0.26252988	-0.34034115	0.29647845	-0.36554793	-0.3427107	0.3806375	-0.41218147	0.3559131	-0.4167311	-0.4244611	0.35204998	-0.31473956	0.31903803
-0.2722291	-0.24951513	-0.20953012	0.0028313077	0.20381694	-0.19156916	0.28401324	0.072455205	-0.2316852	0.23507805	-0.2851463	0.22567284	0.23905817	-0.24080761	0.21185528	-0.27130026
-0.70821977	-0.63064176	-0.59927154	0.32625332	0.6229167	-0.53668916	0.67611444	0.4656338	-0.6620584	0.60888076	-0.6227109	0.663474	0.6352241	-0.6356219	0.62206763	-0.587747
0.37233374	0.31888235	0.23540643	-0.26528692	-0.31188774	0.2912729	-0.37305918	-0.26955897	0.29847112	-0.3577748	0.3423676	-0.328742	-0.29899585	0.38309047	-0.30989107	0.32457548
0.650615	0.5919717	0.47989127	-0.40446016	-0.5381605	0.45395935	-0.5827682	-0.46114367	0.5989437	-0.5669616	0.5219141	-0.5635007	-0.5460934	0.59518826	-0.5608113	0.56056505
-0.24755396	-0.16971461	-0.19173932	0.23718861	0.22633792	-0.21763183	0.20213735	0.21478923	-0.22733438	0.2602866	-0.19930524	0.24621792	0.1987543	-0.2509249	0.25146273	-0.22650754
0.6826443	0.6959787	0.6148839	-0.48543933	-0.64199245	0.6348989	-0.6623019	-0.6165373	0.726298	-0.6686559	0.60422283	-0.66770643	-0.63453823	0.66823465	-0.6394025	0.61993986
0.6631052	0.614069	0.48083594	-0.45422745	-0.5585822	0.6408209	-0.6237025	-0.5675049	0.589005	-0.6249746	0.5665488	-0.6589125	-0.665567	0.6819111	-0.6326073	0.5599833
-0.21292971	-0.21099953	-0.15852939	0.08169787	0.18811311	-0.10998184	0.21520643	0.086340345	-0.19730647	0.13152014	-0.19182462	0.14879268	0.15122895	-0.21491028	0.17440015	-0.1640949
0.19158608	0.1838524	0.1462175	-0.19224012	-0.21725336	0.21182202	-0.20474668	-0.16800173	0.18163365	-0.16961078	0.24135259	-0.24872659	-0.23798448	0.19374725	-0.23087355	0.16495271
0.2433784	0.23872672	0.13235295	-0.14615873	-0.1962302	0.20040748	-0.23862658	-0.21206023	0.16368695	-0.16586894	0.16707046	-0.2048849	-0.14770032	0.18038677	-0.15574948	0.20450054
-0.057579126	-0.07058989	-0.022458868	0.016206142	0.085122414	-0.09638932	0.04201319	0.046102393	-0.090190776	0.013660941	-0.027813053	0.0753735	0.020031676	-0.05589111	0.045459274	-0.041248847
-0.11431734	-0.10219921	-0.19148181	0.11519844	0.0622796	-0.13733442	0.0611129	0.16916917	-0.095374905	0.10186503	-0.09633305	0.104691274	0.06665529	-0.099008076	0.10364061	-0.10232101
-0.31302235	-0.32188445	-0.29099727	0.10710871	0.3151542	-0.26407087	0.306037	0.15734918	-0.27385566	0.28547287	-0.31236318	0.2960826	0.24020685	-0.31159356	0.2578356	-0.31873628
0.023010572	-0.019667035	-0.038382832	-0.013064437	0.010312829	0.034115635	-0.019565916	-0.022167757	0.0024695555	0.024383446	0.038401783	-0.031038051	0.012747604	-0.0050812345	0.011094714	-0.027269956
0.53657746	0.5177664	0.32469982	-0.3278034	-0.45542517	0.46771786	-0.54433954	-0.46168217	0.5307724	-0.5125052	0.429632	-0.55117947	-0.51167095	0.58697665	-0.5405438	0.47482705
0.0030894624	-0.053687107	-0.022810237	-0.10530594	0.022062985	-0.045755688	0.02851625	-0.10693302	0.024749624	0.06917198	-0.05587797	0.034817286	0.016352877	-0.011800804	0.028740492	0.027206318
-0.18107317	-0.195636	-0.17509939	0.040277135	0.18579571	-0.13603187	0.18643022	0.14580557	-0.26419464	0.19293092	-0.21238638	0.27216554	0.17841585	-0.167716	0.18155247	-0.20027855
-0.520984	-0.5167355	-0.48021063	0.3196618	0.47623464	-0.4970295	0.51573205	0.4418055	-0.46957308	0.50855607	-0.5265918	0.5685857	0.46750665	-0.51682746	0.48633176	-0.46692273
-0.28121227	-0.20849408	-0.18877992	0.024794653	0.22665101	-0.13711095	0.23647419	0.1454728	-0.26062122	0.26730558	-0.19462276	0.28582206	0.24433315	-0.2224706	0.23406775	-0.25178084
-0.008741711	-0.023432339	-0.029069584	0.059475977	0.0040084254	0.018422587	0.021373166	0.10434825	-0.05702031	0.043887433	-0.039234515	0.030783249	0.034844838	0.039364535	0.021562781	0.015077213
0.17942458	0.1803645	0.08226912	-0.15089792	-0.18488383	0.13420092	-0.1693297	-0.18664655	0.14123616	-0.1137118	0.15377408	-0.16513583	-0.17904924	0.13173142	-0.12201963	0.13175441
0.027247164	0.06607446	-0.01361286	-0.03270275	0.02686014	0.015745677	-0.04149665	-0.06084132	-0.007334462	-0.026952675	0.043314684	-0.013629574	-0.021195503	0.02771211	-0.017663045	0.0040337085
-0.19109206	-0.21069138	-0.18956758	0.15862505	0.18053597	-0.21421872	0.19330809	0.2048176	-0.23147614	0.1701118	-0.18146135	0.1875305	0.2727464	-0.22065651	0.20087053	-0.18513784
0.6297587	0.585971	0.5599351	-0.39296505	-0.5571379	0.5232873	-0.6619714	-0.5115785	0.6614825	-0.67809445	0.5553324	-0.60245496	-0.6728385	0.64446056	-0.6191708	0.5899299
0.27069697	0.3355914	0.23472926	-0.13111858	-0.31318033	0.24947524	-0.33194292	-0.21863432	0.28427535	-0.32964432	0.23329288	-0.2556683	-0.33537567	0.27999416	-0.31645972	0.24400105
0.5233214	0.41849947	0.34167516	-0.45587847	-0.43684813	0.40467995	-0.39509356	-0.49276444	0.47301102	-0.41919532	0.39930448	-0.47450048	-0.4840643	0.4266147	-0.37139454	0.39116135
0.39015314	0.41439825	0.22615597	-0.3011656	-0.36069226	0.39673665	-0.37562913	-0.3698882	0.3408189	-0.37030703	0.29864633	-0.4047246	-0.42043006	0.43175516	-0.31034938	0.36098072
0.32491526	0.30559045	0.20582256	-0.1639565	-0.19990376	0.2249607	-0.28784415	-0.18774788	0.20588133	-0.2723672	0.17232826	-0.27478734	-0.27589887	0.3008036	-0.20868464	0.27814272
0.57380956	0.53873193	0.46603507	-0.3383516	-0.5359835	0.483786	-0.5187192	-0.45732492	0.5611417	-0.54205936	0.43679988	-0.575645	-0.5683891	0.55528706	-0.5256903	0.5227859
-0.005316499	-0.04093405	-0.0013664495	0.036682986	-0.011886276	0.00086389383	0.0345701	0.04906095	-0.03861732	-0.0031623023	-0.06717825	0.021630397	0.022599526	-0.077413134	0.06599587	-0.07220894
-0.51616335	-0.43495417	-0.43189815	0.13866295	0.41934836	-0.3772598	0.5156392	0.34410396	-0.5241962	0.4875237	-0.45354462	0.535842	0.43862954	-0.44735336	0.42068818	-0.46665376
-0.11267868	-0.10047413	-0.1394802	0.06389872	0.11598466	-0.04609526	0.043822296	0.13349782	-0.0926086	0.058187537	-0.07198129	0.1264481	0.12142431	-0.02883153	0.10891383	-0.044399694
-0.11536821	-0.016584525	-0.06915075	-0.029860666	0.07367358	-0.02977586	0.10537466	0.029020358	-0.08909517	0.083369315	-0.11883888	0.12710823	0.112018	-0.092044756	0.07918754	-0.080985956
-0.65137094	-0.570107	-0.53469133	0.28650048	0.5578091	-0.41145337	0.55073476	0.43952727	-0.57484484	0.5682079	-0.5786694	0.5678274	0.5299576	-0.5433328	0.52862704	-0.49564776
-0.22371583	-0.21048357	-0.17854445	0.058127116	0.15998664	-0.08633214	0.13567856	0.06954538	-0.19950695	0.18964212	-0.26514518	0.20490918	0.22197124	-0.18281317	0.15335129	-0.22095361
0.031407114	0.03970844	-0.04281155	-0.01008091	-0.07015225	-0.02447664	-0.0903025	0.020120753	-0.015617696	-0.025292506	0.042658348	-0.045240328	-0.083198994	0.0914295	-0.05611311	0.021771098
0.34181964	0.35096437	0.3471626	-0.22995491	-0.3127782	0.37439469	-0.3651732	-0.25827694	0.3563036	-0.36299765	0.35209382	-0.34043732	-0.34662214	0.3523559	-0.39463603	0.3508283
0.6418147	0.5801593	0.51324135	-0.4690008	-0.57512385	0.496845	-0.5671778	-0.55576754	0.6053928	-0.57162094	0.49199194	-0.5372524	-0.61331594	0.57751876	-0.5138254	0.58050877
-0.7005722	-0.73278457	-0.58154696	0.45223176	0.6888971	-0.6508817	0.72456676	0.6051164	-0.7259716	0.6862705	-0.6219913	0.7112239	0.7261475	-0.7023431	0.6344019	-0.6804599
0.27480093	0.2337877	0.20549847	-0.09295301	-0.25874552	0.17291246	-0.24316129	-0.15904225	0.19716956	-0.26847833	0.20590061	-0.23267193	-0.23531137	0.27140543	-0.22276741	0.21395274
-0.6833074	-0.6139976	-0.5756328	0.40303147	0.6287479	-0.56143165	0.65890336	0.5425927	-0.6649035	0.6321794	-0.6175287	0.6937064	0.6723762	-0.65438175	0.5797104	-0.60852736
-0.7586111	-0.6561635	-0.6119211	0.44195214	0.6526072	-0.5974573	0.6513433	0.54615873	-0.6520863	0.68607444	-0.6684658	0.71784544	0.715464	-0.70640117	0.65638727	-0.68392664
-0.589236	-0.49326518	-0.50615805	0.3504999	0.54221195	-0.40451646	0.49429098	0.41579238	-0.5191304	0.48117545	-0.46980956	0.59087414	0.5043138	-0.5261966	0.47860926	-0.4554998
0.35602504	0.3024907	0.26733965	-0.3727135	-0.35661456	0.36616257	-0.29709235	-0.4133867	0.37406367	-0.33346203	0.2530983	-0.30108714	-0.3196929	0.28218627	-0.284023	0.27383736
-0.16145597	-0.18042539	-0.102918275	0.011060427	0.14912565	-0.090659216	0.15193304	0.08886957	-0.15588398	0.12903187	-0.16469046	0.13562052	0.20031933	-0.13557042	0.14796585	-0.18753782
0.09773401	0.14093545	0.062874496	-0.07300327	-0.038321864	0.11307126	-0.053912453	-0.12296536	0.04479385	-0.090795085	0.05488242	-0.10903815	-0.0817967	0.11586616	-0.03421662	0.05448105
0.1354288	0.11612628	0.059631284	-0.10652327	-0.1076547	0.13312273	-0.12520184	-0.15099339	0.154175	-0.14796303	0.07654853	-0.13193254	-0.10668344	0.15595047	-0.07695054	0.11393445
-0.120636016	-0.10297253	-0.13912955	0.0090964595	0.15886861	-0.055953085	0.1776275	0.076460816	-0.15748245	0.10575247	-0.1280958	0.107324004	0.107716076	-0.10712878	0.13526797	-0.11147907
0.73610383	0.6820368	0.5627874	-0.4743214	-0.6454408	0.58046424	-0.6026227	-0.61282367	0.63432884	-0.6878076	0.61775184	-0.7009535	-0.6217796	0.68786407	-0.67070645	0.6659638
0.08513648	0.14861076	0.13027808	-0.08119636	-0.06638104	0.10460258	-0.13799784	-0.15200342	0.13785528	-0.1632479	0.10159569	-0.07588365	-0.1555454	0.14552602	-0.12367664	0.08053694
-0.03588477	0.0062092	-0.05912968	0.020571958	0.054602686	0.01107607	-0.0063594915	0.062560335	-0.013740003	-0.016157709	-0.054750264	0.046420187	-0.035836402	0.061004993	-0.024590965	-0.038916897
-0.21697903	-0.18410584	-0.17916001	0.06364166	0.2085479	-0.122466646	0.2154887	0.06044066	-0.12106499	0.19939245	-0.21364972	0.24673249	0.19554433	-0.20576447	0.1496182	-0.21101269
0.40908143	0.38669956	0.1614696	-0.23127295	-0.33205798	0.3064301	-0.3740036	-0.33913323	0.27902028	-0.3021853	0.2020948	-0.35099602	-0.35403985	0.32033733	-0.33622396	0.26039517
0.6477415	0.6441131	0.55358464	-0.36926255	-0.6168093	0.49829665	-0.5983016	-0.49113297	0.57941926	-0.62180364	0.5447058	-0.57313997	-0.6329042	0.6412876	-0.5874768	0.55813015
-0.13780639	-0.096515276	-0.085579336	0.06040183	0.07870852	-0.03481694	0.075407155	0.054521244	-0.15076402	0.13971327	-0.14701012	0.08547103	0.11381276	-0.077798836	0.118079044	-0.05796481
0.39008412	0.3309349	0.3048155	-0.22593655	-0.36042973	0.30311924	-0.30843157	-0.24454731	0.36245072	-0.3507917	0.29225016	-0.33439967	-0.34789485	0.31524575	-0.28047708	0.36092183
0.6375446	0.642345	0.5889275	-0.46558776	-0.60605276	0.6059462	-0.6310573	-0.53550243	0.6916199	-0.6691748	0.6190085	-0.60831565	-0.6663227	0.6618195	-0.5816776	0.6315009
0.41429833	0.38725552	0.32361695	-0.3540386	-0.38430372	0.32325953	-0.37544706	-0.33810684	0.41308957	-0.3705391	0.2900531	-0.31676912	-0.3452864	0.37649772	-0.33320192	0.2923395
0.49742192	0.5174847	0.37796536	-0.35618848	-0.47470373	0.38181672	-0.44482705	-0.38865694	0.43215913	-0.4538031	0.4055594	-0.44541174	-0.48282167	0.48080564	-0.4285723	0.38706595
-0.22404335	-0.2656326	-0.25646985	0.17779976	0.2324715	-0.20068265	0.23480503	0.19921616	-0.26419872	0.25112817	-0.2508363	0.25100374	0.18080421	-0.22129846	0.21151279	-0.18906821
-0.16815403	-0.22714025	-0.007401296	0.19407915	0.15925397	-0.20558561	0.14550452	0.18656377	-0.18108086	0.13274668	-0.09612205	0.12961575	0.15729372	-0.2227122	0.19669117	-0.15322244
-0.101190425	-0.12575865	-0.11428684	0.11337187	0.05590612	-0.035757687	0.10940255	0.12876225	-0.11683083	0.13118729	-0.09510324	0.078839	0.124368645	-0.10385343	0.114502	-0.11271036
-0.36098263	-0.30354983	-0.388194	0.107396506	0.34218517	-0.2850486	0.3626522	0.2819662	-0.3469344	0.34439996	-0.31653997	0.41223958	0.33900806	-0.34784228	0.34058103	-0.3483657
-0.56945944	-0.5251716	-0.45043728	0.34691566	0.49332866	-0.5319597	0.56144905	0.48518845	-0.6130357	0.55130076	-0.5197043	0.5669936	0.58464324	-0.5201395	0.49741426	-0.57789344
-0.59208584	-0.5761731	-0.48695734	0.2903472	0.4973288	-0.5253753	0.5409929	0.36339232	-0.5339747	0.6040125	-0.5292763	0.6192003	0.5273122	-0.58215064	0.5782501	-0.50898075
-0.48225847	-0.41158733	-0.45063382	0.3070016	0.4202789	-0.31510457	0.40374953	0.36398646	-0.48666793	0.4918671	-0.51485145	0.47109327	0.4501348	-0.4260248	0.41187945	-0.49412966
-0.15004551	-0.1542279	-0.18907586	0.080677606	0.11946647	-0.18603268	0.20600401	0.1393825	-0.12867655	0.15744723	-0.14596733	0.19073045	0.22484246	-0.14719552	0.20311831	-0.17231897
-0.42874897	-0.3473125	-0.33902514	0.20379598	0.34356618	-0.30462235	0.4293615	0.2875018	-0.33737135	0.37262097	-0.39474228	0.39182872	0.32609326	-0.38909557	0.3099729	-0.36369315
-0.31458682	-0.32316592	-0.25112143	0.18541586	0.24927264	-0.19902334	0.25034198	0.13363503	-0.2725001	0.30271274	-0.2908281	0.26460347	0.26459295	-0.2848087	0.22333413	-0.30684358
0.31957066	0.32807642	0.15645939	-0.1771423	-0.27039915	0.270585	-0.2407475	-0.2311239	0.2647375	-0.32563877	0.22219817	-0.24240002	-0.24563006	0.32345712	-0.2120941	0.23412207
-0.13004386	-0.1544079	-0.09679679	0.041642003	0.14116867	-0.12307839	0.16060503	0.105517074	-0.17093936	0.15947925	-0.15624371	0.1728031	0.13690192	-0.12051947	0.11776185	-0.183341
-0.2692456	-0.21881638	-0.20807134	0.06957032	0.25376487	-0.20133267	0.24382244	0.13207944	-0.2114602	0.22386867	-0.17584872	0.17719619	0.23427373	-0.20121504	0.2258923	-0.20272462
-0.42910558	-0.43451887	-0.43095905	0.09292805	0.38943556	-0.33922917	0.4442326	0.14092287	-0.4146727	0.4442756	-0.44863415	0.44801334	0.3972806	-0.41228157	0.44063357	-0.43639398
0.12746516	0.15567023	0.0821776	-0.19583334	-0.14705297	0.17498855	-0.12338232	-0.23653153	0.14280017	-0.1498302	0.092986	-0.1137943	-0.15723638	0.1303453	-0.12027625	0.07768285
-0.2808302	-0.26217476	-0.26603454	0.14122844	0.26426345	-0.21589333	0.3026037	0.20091027	-0.29561868	0.26241466	-0.2561976	0.33317578	0.3207502	-0.29104376	0.2805244	-0.2860239
-0.052430864	-0.0857546	-0.08163904	0.021291792	0.08680893	-0.11674805	0.10417556	0.08815756	-0.040228594	0.037196033	-0.041443463	0.12677786	0.1324148	-0.03363176	0.084133044	-0.037762653
0.11864981	0.13227694	-0.024368139	-0.028426034	-0.07482412	0.10694371	-0.11797198	-0.029591758	0.083407834	-0.074459456	0.016501902	-0.076689065	-0.08330331	0.1307705	-0.09976603	0.09298899
-0.2901835	-0.21359238	-0.24133578	0.14800206	0.26697734	-0.24609874	0.28659078	0.22882928	-0.25443965	0.2812838	-0.28653347	0.22467507	0.2214848	-0.2869404	0.22879149	-0.20097199
-0.09097292	-0.12333985	-0.12148946	0.12622014	0.1115157	-0.109666474	0.14827548	0.16505884	-0.17797667	0.054219965	-0.10114444	0.13129249	0.09995413	-0.04761441	0.14580208	-0.10834195
0.046078578	-0.034858797	-0.018232211	-0.03926348	0.03114605	-0.010263478	0.040499177	0.00502847	0.010453668	0.0034092714	-0.04783605	-0.026541727	0.024979137	-0.018085245	-0.035074003	0.0083852885
-0.042610783	0.01991633	-0.051822603	-0.0037626938	0.046997193	0.015450328	-0.016363334	0.03523341	0.00074608065	0.013337122	-0.029428903	0.0026842288	0.036150444	-0.034128662	-0.019192023	-0.034289584
0.07972154	0.08563918	0.024706474	0.05630167	-0.024779933	0.0048311106	-0.009842142	0.018847382	0.020123333	-0.09315697	0.035236802	-0.07006674	-0.061478212	0.08213856	0.013306386	0.06838144
-0.31182414	-0.28143954	-0.17849211	0.11080041	0.24423069	-0.23600185	0.24293053	0.19252892	-0.24712491	0.22648434	-0.28294832	0.2253781	0.23379777	-0.29364267	0.27259624	-0.19686206
0.06626455	0.15136236	-0.037151713	-0.028968116	-0.03820088	0.15443294	-0.076716125	-0.05504178	0.023957595	-0.108927414	0.021735184	-0.08045308	-0.121222325	0.116944686	-0.037699282	0.07944554
-0.2572775	-0.26015744	-0.28652453	0.294574	0.2349842	-0.23979339	0.2770077	0.28395984	-0.2550601	0.22529833	-0.30575547	0.30602103	0.2960448	-0.3001354	0.303927	-0.25160605
-0.6027455	-0.58030677	-0.4706932	0.41710675	0.54604113	-0.56347317	0.6302636	0.58458865	-0.63249576	0.59520763	-0.50616413	0.64370257	0.61438537	-0.62752515	0.5192111	-0.5551295
0.06939438	0.055039838	0.03190528	-0.13634534	-0.11491551	0.09518959	-0.13125952	-0.17666093	0.08862932	-0.08196898	0.0682152	-0.11025628	-0.10063038	0.08094955	-0.066744275	0.08328505
0.3147257	0.2823411	0.17745405	-0.18474533	-0.3160565	0.2954826	-0.33477792	-0.2978048	0.34624732	-0.31080842	0.20280711	-0.24246366	-0.26238543	0.27004287	-0.28010845	0.23398909
-0.62059176	-0.5764653	-0.5098539	0.38379392	0.5204207	-0.5286126	0.59640837	0.42459425	-0.58149666	0.57745576	-0.5584615	0.5536794	0.511106	-0.57483757	0.48891696	-0.5012457
-0.35717323	-0.3006272	-0.24099131	0.21942054	0.2576772	-0.29131845	0.27941942	0.2574384	-0.34817094	0.27652213	-0.33139476	0.27837706	0.33242127	-0.3387804	0.32805943	-0.28453037
-0.10845795	-0.08588249	-0.06820534	0.07157056	0.14288129	-0.0733288	0.14055583	0.12366327	-0.14207584	0.17142294	-0.1390037	0.10729228	0.1598712	-0.13375504	0.108085826	-0.13754538
-0.1341411	-0.12062427	-0.1537617	-0.04079116	0.18466815	-0.11274414	0.20044601	0.01365285	-0.15202758	0.12035341	-0.13650179	0.16288316	0.16957778	-0.15527287	0.111399256	-0.15079677
0.38563207	0.40855432	0.32083327	-0.28882617	-0.33893496	0.32773888	-0.40419152	-0.36127925	0.37804303	-0.41278994	0.37918618	-0.41976944	-0.40905288	0.3821882	-0.31875393	0.3936853
-0.009728192	-0.03880876	-0.050784197	-0.149824	0.02425872	0.00934755	0.012377233	-0.109978296	0.019155564	-0.023251466	-0.007474078	0.04289925	0.044385888	-0.060000103	0.049256	-0.016937809
-0.0069577284	0.032312382	0.02783802	-0.057975072	-0.003359435	0.026305925	0.023173437	-0.06487194	0.009680714	0.022886807	-0.016450884	0.03263551	-0.007013718	0.0015227436	-0.027785206	0.04643208
-0.088035904	-0.100363046	-0.13607968	0.021240205	0.1207081	0.007706045	0.10528729	0.039123196	-0.09322486	0.06453649	-0.07133275	0.052816473	0.08569878	-0.074117586	0.10150612	-0.09702433
-0.08404245	-0.029379798	-0.10752578	-0.007878245	0.026299613	-0.092074476	0.10589329	0.05715854	-0.09574972	0.09169721	-0.076964155	0.09767772	0.110306434	-0.01592921	0.054712534	-0.08188158
-0.06457312	-0.030202705	-0.14882812	0.066548474	0.02029194	-0.07724713	0.048587356	0.07723364	-0.14215769	0.05776162	-0.10626303	0.08341014	0.032639503	0.0009521528	0.03208365	-0.047756482
0.1313766	0.19022366	0.15684712	-0.14556397	-0.17557809	0.18310001	-0.14684826	-0.08666629	0.116905704	-0.19079693	0.1580849	-0.1389245	-0.11044232	0.11810606	-0.16418111	0.109093845
0.13291124	0.08842604	0.0659683	-0.033586334	-0.09052975	0.03626456	-0.052983332	-0.04417014	0.05999542	-0.07635383	0.07699221	-0.11360441	-0.045073926	0.08255818	-0.050766546	0.1291121
-0.5871874	-0.4830588	-0.47718987	0.29238066	0.45838687	-0.4813453	0.49762824	0.45001033	-0.54971665	0.52432334	-0.52379763	0.54201645	0.5395967	-0.5003382	0.4474959	-0.5219827
0.0124507435	0.03423564	0.03042309	-0.13260265	-0.061852396	0.07680265	-0.071619116	-0.0223094	0.061755326	-0.026416501	0.013955441	0.010198377	-0.06461428	0.083930954	-0.04727377	0.019433126
-0.33551428	-0.4076955	-0.3186763	0.25848404	0.3605056	-0.30423477	0.365845	0.3048139	-0.31132746	0.36068413	-0.31666106	0.34948686	0.41401613	-0.37605512	0.36180997	-0.35868564
-0.51907843	-0.56149954	-0.5138766	0.29902926	0.45391878	-0.42195392	0.5554271	0.42253706	-0.53434587	0.5221479	-0.54117644	0.5050353	0.57105535	-0.50767756	0.4890221	-0.46776196
-0.5160856	-0.52063113	-0.46124914	0.19645521	0.46570945	-0.39673764	0.44716042	0.38296542	-0.47009993	0.47756046	-0.39994925	0.45285118	0.4244078	-0.44510558	0.49261373	-0.4908532
0.5644724	0.53350013	0.4681219	-0.32571074	-0.50388044	0.49365136	-0.5482975	-0.48321465	0.54272014	-0.5030905	0.43968788	-0.52841365	-0.48235402	0.5861248	-0.5047709	0.4691929
0.50471824	0.51571065	0.4443407	-0.2780055	-0.4854127	0.4490298	-0.5593741	-0.45877296	0.5118051	-0.48047525	0.420362	-0.5127481	-0.54452324	0.51247025	-0.44484252	0.447653
0.2185989	0.16683663	0.17284238	-0.1926067	-0.21426009	0.15350018	-0.23479222	-0.2200025	0.26516122	-0.20634873	0.16983317	-0.24047263	-0.19426113	0.2129237	-0.17040582	0.19094333
0.083085276	0.08317666	0.036683008	-0.050147306	-0.13583425	0.071262285	-0.15860714	-0.091684096	0.09955011	-0.038615838	0.07187289	-0.14225823	-0.14883731	0.05990689	-0.037055638	0.132581
0.671572	0.5882801	0.46007818	-0.40504014	-0.53546	0.58742905	-0.66268045	-0.47602427	0.61325854	-0.5640601	0.5211133	-0.6462716	-0.64885515	0.5675019	-0.5540987	0.5189928
0.050748557	0.023678089	0.048820883	0.05575356	-0.050525192	0.043971933	-0.056266394	-0.017497031	0.018527163	-0.058173027	0.020688476	-0.06059291	0.0052132	0.050468795	-0.078885324	0.0026695167
0.48266762	0.4653987	0.3454124	-0.2949974	-0.45612803	0.45704278	-0.48151186	-0.38436514	0.47540197	-0.49474227	0.4381064	-0.48063484	-0.50649244	0.54264927	-0.46536455	0.4025699
-0.022495052	-0.07467301	0.014713958	0.031213399	0.06540324	-0.041780792	0.0078092134	0.022508215	-0.022333166	0.072799295	-0.055895694	0.0009826049	0.05325121	-0.056345362	-0.009009487	-0.0800325
-0.2739759	-0.29592887	-0.2578022	0.100392416	0.2855431	-0.17925169	0.21971937	0.15410075	-0.24256197	0.30553257	-0.31714553	0.30494305	0.23241349	-0.24885042	0.22391532	-0.28641644
-0.34439912	-0.31246555	-0.27970895	0.1624081	0.31382963	-0.29040718	0.33882618	0.20647053	-0.29603198	0.3059966	-0.32205564	0.31974912	0.33171496	-0.30358738	0.2520108	-0.33056274
-0.18575493	-0.19908315	-0.19688025	0.19760607	0.2333257	-0.21756051	0.18891773	0.21973792	-0.2448061	0.22873634	-0.22692363	0.19067088	0.18002266	-0.16025929	0.17535032	-0.17739029
0.30259618	0.31468707	0.23997034	-0.19669051	-0.34329024	0.31261903	-0.37389222	-0.24471182	0.30923027	-0.31522015	0.32461473	-0.38046288	-0.36921686	0.32216635	-0.28535932	0.32919347
-0.03774347	-0.09324156	-0.055254187	0.016124047	0.107288085	-0.039442185	0.045480143	0.047315802	-0.10733024	0.1012098	-0.088168636	0.07906553	0.053247526	-0.10744624	0.10678375	-0.080537066
-0.6167425	-0.5238665	-0.47857732	0.2837189	0.46749693	-0.45897913	0.4992405	0.40305677	-0.50406265	0.5461505	-0.5273121	0.57441086	0.5743563	-0.5524675	0.4962457	-0.48182893
0.25435078	0.24569546	0.2322784	-0.17552003	-0.169939	0.19754232	-0.22021142	-0.24782325	0.19806184	-0.20039621	0.24791424	-0.20041937	-0.249558	0.19508839	-0.25771514	0.21693768
0.40326294	0.41918507	0.37127993	-0.2542775	-0.39732763	0.38666326	-0.37020785	-0.34804842	0.37683648	-0.38896587	0.38530737	-0.35929793	-0.37800378	0.41653377	-0.34895203	0.33474067
-0.16878605	-0.19792718	-0.12893258	0.067186534	0.14924979	-0.18518679	0.24987411	0.12953587	-0.18900989	0.18266551	-0.16358885	0.23373951	0.2327005	-0.20735708	0.19773665	-0.17040876
-0.2705576	-0.20622654	-0.2447365	0.06607905	0.2210891	-0.19715364	0.1829596	0.15193093	-0.19196242	0.17544927	-0.23112524	0.23029356	0.26303685	-0.1922771	0.25579736	-0.22426286
0.026480718	0.07650016	0.0117262155	-0.065427415	-0.089471735	0.1171772	-0.08735915	-0.08955804	0.07939267	-0.05328983	-0.043998357	-0.07211974	-0.05376454	0.102742836	-0.061826278	0.091929436
0.61120343	0.6056558	0.45745245	-0.41838154	-0.5053871	0.46872565	-0.5745663	-0.43342033	0.5864642	-0.5699053	0.50609547	-0.5906571	-0.5795711	0.53725845	-0.52203584	0.5386765
0.14140636	0.14830971	0.005073965	-0.06609084	-0.098489694	0.13995059	-0.1384354	-0.08026844	0.11126844	-0.12500535	0.043498974	-0.14622366	-0.0740789	0.1476667	-0.045142777	0.1345409
0.30875814	0.27782694	0.21801989	-0.17648907	-0.27034315	0.29438362	-0.28903332	-0.2599449	0.25426486	-0.2562431	0.2540458	-0.24802479	-0.2476273	0.2695135	-0.25750884	0.2945772
-0.12250343	-0.1842378	-0.10130941	0.09127629	0.15319507	-0.16176593	0.117888734	0.18118075	-0.17738627	0.10371281	-0.16946658	0.18711103	0.1641657	-0.19739015	0.1917914	-0.18305537
-0.13602382	-0.1782924	-0.10941774	0.020488178	0.14880098	-0.1459667	0.15876366	0.07248485	-0.1628259	0.15256971	-0.1501406	0.15916213	0.20325787	-0.17664614	0.15302078	-0.17854048
-0.407703	-0.34698287	-0.30757278	0.28429598	0.391035	-0.3129118	0.35756773	0.276207	-0.32920977	0.35236585	-0.31344005	0.3448862	0.34408444	-0.3704033	0.30078718	-0.31612834
-0.5782061	-0.5695723	-0.48555356	0.43573105	0.5717458	-0.6000393	0.630394	0.49947253	-0.63206613	0.6187303	-0.5659617	0.63104385	0.5901755	-0.57014483	0.5966652	-0.54873437
0.540863	0.6025443	0.44123882	-0.39277703	-0.50803536	0.5191671	-0.5684909	-0.49289018	0.537471	-0.59144586	0.45799908	-0.59690243	-0.554239	0.59118634	-0.5154753	0.46519214
0.064898	0.09330428	0.002806496	-0.042879265	-0.0742078	-0.0201962	-0.05364356	-0.007209903	0.010809978	-0.088232614	0.010637005	-0.031103995	-0.05194782	0.09228215	0.0062782574	-0.007869031
0.17385003	0.16643493	0.11786352	-0.21150534	-0.1832551	0.1983494	-0.24358042	-0.28052384	0.17944545	-0.15251453	0.16336504	-0.1293947	-0.17200387	0.18652058	-0.19529232	0.13439234
-0.051618073	-0.06594086	-0.08576572	0.13821071	0.08720845	-0.07907377	0.05409451	0.111452475	-0.045445137	0.09428408	-0.033751503	0.07787517	0.07999835	-0.0016014834	0.06153432	-0.106230855
0.12652269	0.18889987	0.102902584	-0.14414099	-0.19079353	0.13977596	-0.14830743	-0.21501954	0.10447046	-0.14197662	0.11169341	-0.14063087	-0.1203294	0.20567672	-0.16399726	0.18095015
0.47327253	0.37605047	0.40732816	-0.35447198	-0.4207392	0.4050619	-0.43710744	-0.39723295	0.395336	-0.4434343	0.3439783	-0.38628548	-0.41845125	0.42630786	-0.4379615	0.360137
0.6288801	0.5529758	0.4495841	-0.41190892	-0.48959124	0.44176218	-0.6065173	-0.46963885	0.54374725	-0.565808	0.55215704	-0.5303753	-0.53611	0.59033877	-0.543505	0.5170952
0.12516944	0.12295031	-0.050927944	-0.081119224	-0.047164887	0.15356229	-0.10650881	-0.059849646	0.042740803	-0.1231526	0.017406987	-0.034506824	-0.0815925	0.061462957	-0.061401542	0.057846893
-0.58115315	-0.51713526	-0.4777119	0.40589654	0.56544137	-0.4918124	0.56231046	0.40322137	-0.5903861	0.5540146	-0.5686381	0.5550852	0.55534494	-0.53323317	0.49744606	-0.5193688
0.22954087	0.23150477	0.11183638	-0.1426095	-0.20934916	0.20079173	-0.18242432	-0.21957359	0.11921286	-0.20909615	0.10476594	-0.11984617	-0.21463175	0.24207962	-0.21861194	0.18627782
-0.022078358	0.042543348	-0.044920724	-0.044246208	-0.019725889	0.05088529	-0.017883455	-0.0377908	-0.03410544	-0.010943901	0.042342998	0.01358927	-0.05162342	0.015886389	-0.044432253	-0.017055038
-0.14771989	-0.18152668	-0.18951555	-0.044213124	0.15539654	-0.05912981	0.1933318	0.030675368	-0.124551125	0.1369219	-0.18103431	0.18212862	0.196847	-0.12809789	0.10026527	-0.16611356
0.46241787	0.37806052	0.35766202	-0.2649403	-0.35380375	0.38226146	-0.41883534	-0.3426865	0.36511585	-0.35473824	0.3746229	-0.4541152	-0.40606847	0.37015426	-0.33120766	0.33015305
-0.07446249	-0.09347433	-0.04757816	0.054422118	0.11186593	0.0045505464	0.051559985	0.0068478514	-0.10535795	0.0137894135	-0.044465266	0.07842907	0.05004885	-0.030313866	0.045714512	-0.099892356
-0.52249557	-0.5218072	-0.39793956	0.26833248	0.43998563	-0.3669722	0.47366536	0.36345068	-0.48497528	0.50298214	-0.41064727	0.47709033	0.46175355	-0.53152174	0.42667702	-0.4255596
-0.3718433	-0.32952955	-0.34026292	0.059075706	0.31481096	-0.2608687	0.4256401	0.1761043	-0.35505158	0.4052362	-0.3904797	0.37415612	0.41041097	-0.37454283	0.366987	-0.35981718
0.08522692	0.114158176	-0.06841379	-0.18560147	-0.03606858	0.15478824	-0.09147187	-0.16274399	0.018221023	-0.035855368	0.025726955	-0.046704225	-0.06237754	0.08969433	-0.091833174	0.0063249716
0.0866819	0.06661617	0.097560965	-0.17189611	-0.12594095	0.13029727	-0.080023944	-0.18822579	0.11820801	-0.09786428	0.05505844	-0.08709501	-0.07843134	0.108260386	-0.1107483	0.122339554
0.18989462	0.14873835	0.1433952	-0.14953612	-0.17505856	0.103715554	-0.11371317	-0.15342607	0.18261757	-0.1760647	0.14310275	-0.15414345	-0.109802514	0.08598427	-0.1071492	0.100840606
-0.4494036	-0.34735933	-0.38469493	0.21142247	0.36284885	-0.27268553	0.38279495	0.30792677	-0.44179532	0.43376276	-0.41655672	0.45209286	0.42426693	-0.3220542	0.39823976	-0.33773157
